time/time_elapsed,rollout/ep_len_mean,time/iterations,time/total_timesteps,time/fps,rollout/ep_rew_mean,train/explained_variance,train/learning_rate,train/entropy_loss,train/policy_gradient_loss,train/approx_kl,train/clip_range,train/clip_fraction,train/loss,train/value_loss,train/n_updates,eval/mean_ep_length,eval/mean_reward
26,430.14102564102564,1,8192,309,7.153846153846154,,,,,,,,,,,,
61,429.29,2,16384,267,8.02,-0.0691230297088623,0.0003,-1.5985303692519666,-0.01603983810528007,0.011679673,0.2,0.1647705078125,0.056971728801727295,0.2504623647721019,10,,
94,388.37,3,24576,261,8.99,0.28933608531951904,0.0003,-1.5715805396437645,-0.02186458539435989,0.01169998,0.2,0.17730712890625,0.11138112097978592,0.3058536221156828,20,,
126,382.62,4,32768,258,10.0,0.43205153942108154,0.0003,-1.5373185072094202,-0.02599997917204746,0.0127823,0.2,0.19461669921875,0.15891143679618835,0.3355933378101327,30,,
,,,40000,,,0.47512316703796387,0.0003,-1.5070654282346367,-0.03097243457305012,0.014593655,0.2,0.1957763671875,0.1503821462392807,0.38888951966073365,40,449.6,10.6
161,386.3,5,40960,253,10.91,,,,,,,,,,,,
195,376.99,6,49152,251,11.76,0.5084580779075623,0.0003,-1.4691178910434246,-0.032913663182989696,0.018385135,0.2,0.217431640625,0.13748803734779358,0.41930321424733846,50,,
230,392.28,7,57344,248,13.15,0.4941413998603821,0.0003,-1.4210366145707667,-0.038320612480674754,0.022912953,0.2,0.267041015625,0.17088383436203003,0.49926197272725403,60,,
264,408.97,8,65536,248,14.45,0.476524293422699,0.0003,-1.3642377864569426,-0.03878267556428909,0.024077797,0.2,0.2870849609375,0.2767513394355774,0.578468110691756,70,,
298,439.52,9,73728,247,15.55,0.4549364447593689,0.0003,-1.3402664025314153,-0.04075162908739003,0.02744544,0.2,0.299072265625,0.2288702428340912,0.64948979918845,80,,
,,,80000,,,0.5054754912853241,0.0003,-1.2940346715971827,-0.04545119413996872,0.031815592,0.2,0.3265380859375,0.1738576591014862,0.7592020170297473,90,611.2,25.2
334,461.45,10,81920,245,17.58,,,,,,,,,,,,
366,503.66,11,90112,245,20.25,0.5344039797782898,0.0003,-1.2644393836148082,-0.04037789308204083,0.033683065,0.2,0.31868896484375,0.2802479565143585,0.8172363113146275,100,,
398,537.52,12,98304,246,22.29,0.6330986320972443,0.0003,-1.2142389258369803,-0.04475690434410353,0.03640667,0.2,0.34708251953125,0.2300887256860733,0.7370714981807396,110,,
431,562.0,13,106496,246,24.16,0.6371278464794159,0.0003,-1.1890129295177758,-0.0451124692481244,0.03880424,0.2,0.3533203125,0.3238458037376404,0.9227429534541443,120,,
464,598.6,14,114688,246,26.6,0.6773754954338074,0.0003,-1.1452581241726876,-0.04619734507141402,0.04048387,0.2,0.3603759765625,0.24807168543338776,0.8440124203683809,130,,
,,,120000,,,0.7120542824268341,0.0003,-1.1272137621883302,-0.0459217308278312,0.041659683,0.2,0.37528076171875,0.243245929479599,0.7688126296969131,140,623.6,33.2
501,621.98,15,122880,245,28.46,,,,,,,,,,,,
533,628.48,16,131072,245,29.68,0.7473440766334534,0.0003,-1.0746029283851386,-0.04581478471736773,0.04803876,0.2,0.3728759765625,0.22767235338687897,0.8343889223178849,150,,
568,641.13,17,139264,245,30.48,0.73854199051857,0.0003,-1.024448689678684,-0.04623425720856176,0.050916784,0.2,0.36851806640625,0.20265880227088928,0.8183823497034609,160,,
602,667.98,18,147456,244,32.48,0.7864001840353012,0.0003,-1.010525547573343,-0.044471475838508925,0.052382357,0.2,0.3694091796875,0.17875170707702637,0.6681441711029038,170,,
636,708.93,19,155648,244,33.73,0.7834764719009399,0.0003,-0.9863338404800743,-0.04238326562335715,0.05832803,0.2,0.3690673828125,0.20509016513824463,0.8011174512794241,180,,
,,,160000,,,0.8109503835439682,0.0003,-0.9861839026212692,-0.046237532374289,0.055408593,0.2,0.3805419921875,0.1350547969341278,0.7153285845415667,190,751.0,39.2
671,734.76,20,163840,244,33.83,,,,,,,,,,,,
703,738.42,21,172032,244,35.52,0.8138434588909149,0.0003,-0.9537600005976856,-0.04610194699052954,0.061412748,0.2,0.3914306640625,0.22142691910266876,0.7272132776561193,200,,
736,726.53,22,180224,244,36.4,0.834251657128334,0.0003,-0.9411514758132398,-0.04983453633612953,0.0642412,0.2,0.390966796875,0.14679494500160217,0.6084947489667684,210,,
768,725.12,23,188416,245,37.05,0.7907069474458694,0.0003,-0.9014290973078459,-0.042537949441612,0.06947863,0.2,0.37730712890625,0.23889605700969696,0.7660813431954011,220,,
799,730.32,24,196608,245,38.81,0.8254513740539551,0.0003,-0.8698667852208019,-0.04258018738764804,0.06930421,0.2,0.389501953125,0.3825554847717285,0.7039955542306415,230,,
,,,200000,,,0.8118937909603119,0.0003,-0.8450474624056369,-0.04457595367857721,0.073234215,0.2,0.38768310546875,0.3287312388420105,0.6745084538473748,240,774.4,40.8
833,736.17,25,204800,245,39.78,,,,,,,,,,,,
864,733.5,26,212992,246,38.96,0.8602321892976761,0.0003,-0.8398412702139467,-0.04273155716291512,0.074152976,0.2,0.3838134765625,0.10331586748361588,0.556827729800716,250,,
896,738.73,27,221184,246,39.62,0.8551436364650726,0.0003,-0.8282353253569454,-0.04445603753192699,0.071658134,0.2,0.37191162109375,0.07551558315753937,0.622766813985072,260,,
926,742.5,28,229376,247,41.14,0.8502517640590668,0.0003,-0.8091354353353382,-0.04380334161978681,0.07802038,0.2,0.3759765625,-0.012483075261116028,0.5458841999177821,270,,
957,747.22,29,237568,248,42.94,0.8703707903623581,0.0003,-0.7859988702461124,-0.04253792550516664,0.07393802,0.2,0.37269287109375,0.17107822000980377,0.5326452872948721,280,,
,,,240000,,,0.8717816919088364,0.0003,-0.785937335761264,-0.04660869155995897,0.08574429,0.2,0.379833984375,0.010668352246284485,0.5093791043269448,290,811.0,69.2
990,748.58,30,245760,248,43.2,,,,,,,,,,,,
1021,744.93,31,253952,248,45.5,0.8619939237833023,0.0003,-0.7766691864468157,-0.039631363411899656,0.077042386,0.2,0.3702392578125,0.040351323783397675,0.603835509007331,300,,
1054,739.2,32,262144,248,46.7,0.8667476624250412,0.0003,-0.7396644636057317,-0.04525172099019983,0.08301208,0.2,0.368994140625,0.1483353078365326,0.621547584712971,310,,
1085,725.18,33,270336,248,49.64,0.8576832711696625,0.0003,-0.734274205705151,-0.04689444135292433,0.09594299,0.2,0.37269287109375,0.289132297039032,0.6008392206800636,320,,
1118,720.4,34,278528,248,50.54,0.8482491374015808,0.0003,-0.7210403166245669,-0.0442396586160612,0.0937233,0.2,0.366748046875,0.12747077643871307,0.7242281505546998,330,,
,,,280000,,,0.8539007157087326,0.0003,-0.7022666246630251,-0.041877007845323534,0.08580456,0.2,0.3457275390625,0.260124534368515,0.7289240594487637,340,722.8,78.2
1152,726.16,35,286720,248,53.09,,,,,,,,,,,,
1183,734.56,36,294912,249,57.08,0.8446953892707825,0.0003,-0.7163315188139677,-0.04602070618784637,0.09222251,0.2,0.37626953125,0.12865787744522095,0.7796641669294331,350,,
1215,750.11,37,303104,249,58.26,0.8276782184839249,0.0003,-0.7093168930616229,-0.049125556457875065,0.09607669,0.2,0.38427734375,0.29848533868789673,0.6703773607267067,360,,
1246,761.58,38,311296,249,59.39,0.8270238041877747,0.0003,-0.7053001962602139,-0.050338627147721124,0.10386548,0.2,0.37584228515625,0.07405956834554672,0.8555362790706568,370,,
1277,764.47,39,319488,250,61.89,0.8309912234544754,0.0003,-0.6927791961934417,-0.04939757425818243,0.10511312,0.2,0.37464599609375,0.13488058745861053,0.7682504550321028,380,,
,,,320000,,,0.8229131102561951,0.0003,-0.6842287637293338,-0.05029604519440909,0.113257326,0.2,0.387548828125,0.15698884427547455,0.7937129536294378,390,928.4,89.4
1311,779.62,40,327680,249,64.31,,,,,,,,,,,,
1344,795.27,41,335872,249,68.53,0.7840330451726913,0.0003,-0.6681201775558293,-0.04663545846342458,0.09671372,0.2,0.36961669921875,0.24139659106731415,0.9372295245178975,400,,
1376,822.3,42,344064,249,74.0,0.8195410966873169,0.0003,-0.6415085759712383,-0.0462859928378748,0.10914536,0.2,0.36578369140625,0.11291277408599854,0.8011459527537227,410,,
1408,840.69,43,352256,250,77.21,0.8420702815055847,0.0003,-0.6226473749615252,-0.050220129209628796,0.10903704,0.2,0.36279296875,-0.0005418434739112854,0.7566351550514809,420,,
,,,360000,,,0.8370450288057327,0.0003,-0.611927030282095,-0.049066672909248155,0.11671108,0.2,0.36307373046875,0.055104635655879974,0.7536982419202104,430,894.6,90.8
1443,851.6,44,360448,249,79.08,,,,,,,,,,,,
1476,853.53,45,368640,249,75.81,0.8260914981365204,0.0003,-0.6023494067369028,-0.044909948110580446,0.10356204,0.2,0.34483642578125,0.10466040670871735,0.9617136979475618,440,,
1510,875.48,46,376832,249,75.78,0.812138706445694,0.0003,-0.6071380385430529,-0.04603014797066862,0.10898846,0.2,0.35938720703125,0.12423323839902878,1.0342074715183116,450,,
1545,900.85,47,385024,249,78.69,0.8145860135555267,0.0003,-0.63365238327533,-0.047967711829551264,0.1238522,0.2,0.37979736328125,0.04580970108509064,0.9032519105123356,460,,
1578,903.46,48,393216,249,81.55,0.8550514280796051,0.0003,-0.6075036780675873,-0.04980811319983332,0.11864153,0.2,0.368505859375,0.24618035554885864,0.6970838106353767,470,,
,,,400000,,,0.8373366594314575,0.0003,-0.5805230369558558,-0.04408728094349499,0.115906805,0.2,0.352880859375,0.3525693118572235,0.9095245457603596,480,814.6,83.0
1613,890.73,49,401408,248,80.62,,,,,,,,,,,,
1647,871.8,50,409600,248,79.93,0.8498873114585876,0.0003,-0.5631812798092142,-0.04536549538825056,0.12981176,0.2,0.35234375,0.25501999258995056,0.7953860605834052,490,,
1681,891.1,51,417792,248,81.61,0.8235642611980438,0.0003,-0.5687061051372438,-0.0448243036356871,0.124972224,0.2,0.360986328125,0.04258909076452255,0.9835441438481212,500,,
1712,904.21,52,425984,248,81.86,0.8305654525756836,0.0003,-0.5797245894093066,-0.044493382463406304,0.13106671,0.2,0.368359375,0.32439976930618286,0.9025952609372325,510,,
1743,904.02,53,434176,249,82.1,0.8156988024711609,0.0003,-0.6179570369655266,-0.043214908361551355,0.1276569,0.2,0.38018798828125,0.3112071752548218,0.9971548797795549,520,,
,,,440000,,,0.8053334355354309,0.0003,-0.6200290218926966,-0.048578381375409665,0.13498701,0.2,0.39293212890625,0.2701790928840637,0.9937182347872294,530,942.2,74.6
1779,866.54,54,442368,248,69.34,,,,,,,,,,,,
1810,841.65,55,450560,248,57.7,0.7208094894886017,0.0003,-0.6560739201493562,-0.04705815451088711,0.14355785,0.2,0.40579833984375,0.11014877259731293,1.0976416352088563,540,,
1843,854.14,56,458752,248,59.9,0.6946451365947723,0.0003,-0.6618292543338612,-0.046938733824208614,0.12392137,0.2,0.3986328125,0.2455010563135147,1.1259021260309965,550,,
1873,865.67,57,466944,249,63.38,0.7341811060905457,0.0003,-0.6482295035850256,-0.05028739184199367,0.14063069,0.2,0.40386962890625,0.11883942782878876,0.9634007607819512,560,,
1906,870.9,58,475136,249,70.15,0.7124711573123932,0.0003,-0.6345091653987766,-0.046961526035738645,0.13141146,0.2,0.38265380859375,0.07316882908344269,1.1475186956580727,570,,
,,,480000,,,0.7560829073190689,0.0003,-0.631218148348853,-0.0456275050099066,0.13343398,0.2,0.3833984375,0.07480983436107635,1.0156431782292201,580,940.8,95.6
1942,885.54,59,483328,248,77.98,,,,,,,,,,,,
1973,909.96,60,491520,249,84.26,0.7775178551673889,0.0003,-0.6146742748329416,-0.048839798520930344,0.13519037,0.2,0.3850830078125,0.07100367546081543,0.8955271716287825,590,,
2004,908.64,61,499712,249,88.71,0.7602289170026779,0.0003,-0.6127406279789284,-0.049744934301998,0.13868275,0.2,0.38031005859375,0.037174858152866364,1.0617208883631974,600,,
2035,917.94,62,507904,249,89.27,0.7830713838338852,0.0003,-0.609653682098724,-0.04779569858292234,0.13696286,0.2,0.387109375,0.21435986459255219,0.898839996336028,610,,
2065,924.63,63,516096,249,91.44,0.8037208318710327,0.0003,-0.5896328938892111,-0.05091654774951167,0.13971487,0.2,0.3803955078125,0.01715514063835144,0.9242194087826647,620,,
,,,520000,,,0.7624970972537994,0.0003,-0.5801514272112399,-0.04664573143236339,0.14291477,0.2,0.37069091796875,0.18379241228103638,1.1714807995595038,630,1018.2,126.2
2100,920.36,64,524288,249,91.7,,,,,,,,,,,,
2131,921.27,65,532480,249,91.17,0.7911609560251236,0.0003,-0.5832170221488923,-0.045807047722337305,0.15081102,0.2,0.37142333984375,0.20576432347297668,0.9633609525277279,640,,
2162,946.06,66,540672,250,94.21,0.7958722412586212,0.0003,-0.5736852513626218,-0.04559569278972049,0.13470782,0.2,0.35809326171875,0.035285934805870056,1.0552686223760248,650,,
2193,970.65,67,548864,250,97.41,0.8237947970628738,0.0003,-0.5581400844734162,-0.04119050105728093,0.13799682,0.2,0.35235595703125,0.055238112807273865,0.9703244613017887,660,,
2223,977.74,68,557056,250,99.0,0.8286256939172745,0.0003,-0.5574531837366521,-0.05101346976225614,0.14795616,0.2,0.36680908203125,0.07096678018569946,0.8353652369813063,670,,
,,,560000,,,0.8011040687561035,0.0003,-0.5364717012271285,-0.041339672437970876,0.13242294,0.2,0.33751220703125,0.3849526643753052,1.0805429509142415,680,1114.6,111.8
2257,975.71,69,565248,250,95.52,,,,,,,,,,,,
2290,982.75,70,573440,250,95.99,0.7859399765729904,0.0003,-0.5543212429154665,-0.04546361258180696,0.14648333,0.2,0.365869140625,0.38110339641571045,1.2048077977728098,690,,
2324,981.56,71,581632,250,96.01,0.8119011521339417,0.0003,-0.5273633259348571,-0.04584430388058536,0.15885895,0.2,0.36778564453125,0.0350179523229599,0.6807702334073837,700,,
2357,1000.92,72,589824,250,100.16,0.8350648880004883,0.0003,-0.5322354659205303,-0.04688079483166803,0.15030189,0.2,0.35350341796875,0.06443209201097488,0.8301053724484518,710,,
2389,997.21,73,598016,250,100.1,0.8157297670841217,0.0003,-0.5551396012539044,-0.04767161557065265,0.15243185,0.2,0.36563720703125,0.05436296761035919,0.8648319755040574,720,,
,,,600000,,,0.8182097971439362,0.0003,-0.5340745167573914,-0.04687338511721464,0.14424871,0.2,0.36207275390625,0.06287277489900589,0.9235611981246621,730,965.6,91.0
2424,1004.43,74,606208,249,99.97,,,,,,,,,,,,
2457,997.54,75,614400,250,98.87,0.7929108142852783,0.0003,-0.5436241413233802,-0.044103375232953115,0.13489035,0.2,0.3535400390625,0.30655765533447266,1.239237118163146,740,,
2487,971.26,76,622592,250,92.18,0.7739015966653824,0.0003,-0.5303304558387026,-0.04229935329130967,0.13861613,0.2,0.34862060546875,0.5574166774749756,1.2484640921116807,750,,
2518,981.86,77,630784,250,92.07,0.7271413505077362,0.0003,-0.5554960026172922,-0.0441248549555894,0.14552712,0.2,0.3629638671875,0.270710289478302,1.342857293272391,760,,
2549,985.23,78,638976,250,93.52,0.7620384395122528,0.0003,-0.5418011758243665,-0.04238368037840701,0.13661921,0.2,0.35523681640625,0.6720910668373108,1.2639015455846674,770,,
,,,640000,,,0.7543558478355408,0.0003,-0.5172834929544479,-0.042625634703290415,0.14620578,0.2,0.3543701171875,0.17913153767585754,1.2361976862186566,780,980.0,124.8
2581,1003.58,79,647168,250,97.16,,,,,,,,,,,,
2612,1032.99,80,655360,250,103.89,0.7879864424467087,0.0003,-0.5256290438352152,-0.041448779906932035,0.15371832,0.2,0.3527587890625,0.21709288656711578,0.9784455548448022,790,,
2642,1042.48,81,663552,251,105.94,0.8382743299007416,0.0003,-0.5189654909772798,-0.04294959390972508,0.16205442,0.2,0.35855712890625,0.1413564831018448,0.8943573512835428,800,,
2672,1041.27,82,671744,251,109.84,0.8130086958408356,0.0003,-0.542483942466788,-0.04826528594567207,0.16631335,0.2,0.3612548828125,0.03660852462053299,1.0850302786915562,810,,
2702,1057.86,83,679936,251,111.27,0.8183711767196655,0.0003,-0.5017592492513359,-0.04434765406695078,0.1630438,0.2,0.3453125,0.07060064375400543,0.8654440482205246,820,,
,,,680000,,,0.7973714917898178,0.0003,-0.5167587936623022,-0.04521304479130776,0.15021548,0.2,0.35439453125,0.6272590160369873,1.0979288969538175,830,1218.6,125.2
2736,1038.38,84,688128,251,105.29,,,,,,,,,,,,
2767,1019.25,85,696320,251,99.83,0.7493909895420074,0.0003,-0.5213888418395072,-0.04642045672298991,0.17827484,0.2,0.360107421875,0.4894752502441406,1.3618347987765447,840,,
2798,1014.72,86,704512,251,99.43,0.7411827445030212,0.0003,-0.5397926240460947,-0.04457564256154001,0.1763778,0.2,0.3790283203125,0.0744817703962326,1.3717560590128415,850,,
2829,1033.49,87,712704,251,102.2,0.7081051170825958,0.0003,-0.5183984890813008,-0.04593689409957733,0.1675955,0.2,0.3555908203125,0.20517560839653015,1.6188982905237936,860,,
,,,720000,,,0.756850391626358,0.0003,-0.5146060343133285,-0.038379207283287545,0.1591665,0.2,0.353173828125,0.062394365668296814,1.2286337473080493,870,1178.2,124.2
2864,1046.5,88,720896,251,96.26,,,,,,,,,,,,
2894,1041.6,89,729088,251,95.19,0.6665763854980469,0.0003,-0.5545411746948957,-0.04050739252561471,0.16656221,0.2,0.36097412109375,0.8690657615661621,1.598408384004142,880,,
2925,1031.43,90,737280,252,96.74,0.7134152054786682,0.0003,-0.5382627091836184,-0.039710436188033785,0.16039833,0.2,0.37379150390625,0.3870149850845337,1.3149322958779521,890,,
2956,1052.22,91,745472,252,108.82,0.7599818855524063,0.0003,-0.5369140078080819,-0.044931111036567016,0.15815441,0.2,0.36497802734375,0.3859955072402954,1.1463504738756456,900,,
2988,1039.47,92,753664,252,102.51,0.7559274137020111,0.0003,-0.5254893303383141,-0.0427192685965565,0.1537541,0.2,0.3504150390625,0.1650543510913849,1.274931471364107,910,,
,,,760000,,,0.6922702789306641,0.0003,-0.56841455118265,-0.04559407256892882,0.15178093,0.2,0.37506103515625,0.2506216764450073,1.625707966054324,920,1228.2,141.6
3024,1046.99,93,761856,251,90.49,,,,,,,,,,,,
3055,1047.87,94,770048,251,82.4,0.6700870394706726,0.0003,-0.5519359681289643,-0.04404170149646234,0.1528374,0.2,0.3798828125,0.7250800728797913,1.6658127522212454,930,,
3087,1071.74,95,778240,252,89.04,0.7125784158706665,0.0003,-0.5720523129682988,-0.043290551687096016,0.14979582,0.2,0.3871337890625,0.2625997066497803,1.4535867285332642,940,,
3117,1073.65,96,786432,252,97.03,0.7355490624904633,0.0003,-0.5318983606528491,-0.045768845429847715,0.15737057,0.2,0.3647216796875,0.07905606180429459,1.193371533055324,950,,
3148,1084.87,97,794624,252,107.27,0.7401449978351593,0.0003,-0.550467777135782,-0.04520699702843558,0.16577888,0.2,0.37833251953125,0.2574167251586914,0.9527676933910698,960,,
,,,800000,,,0.7778777629137039,0.0003,-0.5365022792480886,-0.04957350862059684,0.17043218,0.2,0.36849365234375,0.026262491941452026,0.9776939796749502,970,1115.4,116.2
3183,1081.54,98,802816,252,108.02,,,,,,,,,,,,
3213,1049.33,99,811008,252,99.28,0.7135274410247803,0.0003,-0.5297115865861997,-0.046002273746853464,0.17295374,0.2,0.3751220703125,0.1436365842819214,1.2289273775764742,980,,
3243,1048.78,100,819200,252,94.08,0.70595583319664,0.0003,-0.537103314534761,-0.04586170301263337,0.16350129,0.2,0.3752197265625,0.29091161489486694,1.3543220584164373,990,,
3275,1061.92,101,827392,252,94.97,0.6672273278236389,0.0003,-0.5370272429659962,-0.04433349007667857,0.16884753,0.2,0.376953125,0.292365163564682,1.2773851929814555,1000,,
3306,1083.16,102,835584,252,101.24,0.6393681168556213,0.0003,-0.546249978011474,-0.04741492598914192,0.16082902,0.2,0.37967529296875,0.5707945823669434,1.3798373269150033,1010,,
,,,840000,,,0.7018682062625885,0.0003,-0.5328942564083263,-0.04678978802621714,0.16612563,0.2,0.3689208984375,0.496501624584198,1.3084067911142483,1020,1181.4,114.0
3340,1082.01,103,843776,252,104.59,,,,,,,,,,,,
3370,1085.87,104,851968,252,106.99,0.7191262245178223,0.0003,-0.5411122058983893,-0.04449697284508147,0.17131943,0.2,0.38387451171875,0.35929620265960693,1.1326629372197203,1030,,
3401,1094.91,105,860160,252,109.66,0.7367648184299469,0.0003,-0.5461943718837574,-0.04570093550210004,0.15897992,0.2,0.36859130859375,0.6519210338592529,1.241619303263724,1040,,
3432,1082.17,106,868352,252,104.94,0.7937955558300018,0.0003,-0.546966465213336,-0.04652861180511536,0.1629487,0.2,0.3698486328125,0.206762433052063,1.0284781785099768,1050,,
3463,1082.66,107,876544,253,102.03,0.6967961192131042,0.0003,-0.5650296694599092,-0.04864184411453607,0.16530111,0.2,0.38968505859375,0.47457975149154663,1.4709387378068641,1060,,
,,,880000,,,0.6701181530952454,0.0003,-0.5590218362864107,-0.04452830047739553,0.16291606,0.2,0.38804931640625,0.1832941770553589,1.5216299104969948,1070,1208.6,145.0
3498,1105.28,108,884736,252,98.81,,,,,,,,,,,,
3528,1114.71,109,892928,253,94.56,0.687663197517395,0.0003,-0.5648453260539099,-0.04244062534453406,0.17622969,0.2,0.39315185546875,0.16296301782131195,1.3280892496171872,1080,,
3558,1124.08,110,901120,253,90.97,0.5936875343322754,0.0003,-0.5703696836717427,-0.03999812665933859,0.23409733,0.2,0.40638427734375,0.05101184546947479,1.366409497091081,1090,,
3588,1166.25,111,909312,253,94.25,0.6280003190040588,0.0003,-0.5628854695707559,-0.04370965145790251,0.16946703,0.2,0.389404296875,0.4516777992248535,1.2658418143517338,1100,,
3619,1171.59,112,917504,253,98.65,0.6541805565357208,0.0003,-0.5495980276726187,-0.045383770379339695,0.18788609,0.2,0.3935791015625,0.1500164121389389,1.285414016211871,1110,,
,,,920000,,,0.7086889147758484,0.0003,-0.5314993063919247,-0.04203640186606208,0.1646833,0.2,0.3660400390625,0.5477096438407898,1.2006607203627937,1120,1254.8,103.8
3653,1180.18,113,925696,253,103.0,,,,,,,,,,,,
3684,1155.26,114,933888,253,106.15,0.7124360203742981,0.0003,-0.5341368563706055,-0.04375821037574497,0.15980445,0.2,0.3658203125,0.18313467502593994,1.2235748214297928,1130,,
3715,1133.04,115,942080,253,107.23,0.7150922417640686,0.0003,-0.5360055768396705,-0.04294632714954787,0.15907475,0.2,0.36925048828125,0.15963120758533478,1.1745230729342437,1140,,
3746,1111.59,116,950272,253,111.04,0.7369705140590668,0.0003,-0.5287642775103449,-0.04587465221775346,0.18907207,0.2,0.38546142578125,0.470727801322937,1.2211037433589809,1150,,
3777,1127.54,117,958464,253,113.1,0.7554618716239929,0.0003,-0.515865906723775,-0.04497888693585992,0.1766029,0.2,0.364013671875,0.05481395125389099,1.0877386275562457,1160,,
,,,960000,,,0.6659343838691711,0.0003,-0.4963482088642195,-0.039998239331907826,0.16833624,0.2,0.36407470703125,0.21328915655612946,1.503394266415853,1170,1412.2,142.6
3815,1161.55,118,966656,253,117.6,,,,,,,,,,,,
3847,1173.99,119,974848,253,119.81,0.7683418989181519,0.0003,-0.5245955200167373,-0.04345413246992393,0.1867672,0.2,0.3814453125,0.6092755198478699,0.9585882685671094,1180,,
3877,1188.46,120,983040,253,123.58,0.7595983594655991,0.0003,-0.512872914946638,-0.04447470915001759,0.17500341,0.2,0.362353515625,0.2119472324848175,1.0906194549868815,1190,,
3908,1167.26,121,991232,253,121.39,0.7938567250967026,0.0003,-0.5064970149658621,-0.04515679226824432,0.178361,0.2,0.36300048828125,0.24539047479629517,0.899824542744318,1200,,
3941,1147.51,122,999424,253,115.92,0.7695125490427017,0.0003,-0.48054206238593905,-0.03820296042467817,0.16120212,0.2,0.34605712890625,0.7012439966201782,1.3523370806826278,1210,,
,,,1000000,,,0.731337159872055,0.0003,-0.48851863923482597,-0.04143702324654441,0.17042513,0.2,0.3630126953125,0.12152761220932007,1.3018946276977659,1220,1025.8,92.0
3977,1131.13,123,1007616,253,109.03,,,,,,,,,,,,
4007,1161.11,124,1015808,253,106.66,0.7049297094345093,0.0003,-0.4789410287281498,-0.03736929212936957,0.16878107,0.2,0.3493408203125,0.17392617464065552,1.4559966812725178,1230,,
4041,1193.97,125,1024000,253,106.2,0.7401143908500671,0.0003,-0.4865967761259526,-0.03867580186124542,0.18733841,0.2,0.35758056640625,0.2771241366863251,1.2080990472924895,1240,,
4074,1214.64,126,1032192,253,106.7,0.7262216210365295,0.0003,-0.5008985691471025,-0.042751376056548905,0.17145956,0.2,0.36761474609375,0.4431784152984619,1.0725342799792998,1250,,
,,,1040000,,,0.7744223028421402,0.0003,-0.4899568598717451,-0.040853268633509285,0.1825867,0.2,0.3613037109375,0.07566128671169281,1.0827733908838126,1260,1198.8,107.6
4109,1201.9,127,1040384,253,108.17,,,,,,,,,,,,
4142,1167.29,128,1048576,253,102.45,0.7683962434530258,0.0003,-0.4831343336729333,-0.03905808410781901,0.18593192,0.2,0.35601806640625,0.1738065779209137,1.1904300805879757,1270,,
4174,1175.06,129,1056768,253,99.69,0.7043537497520447,0.0003,-0.4933922931784764,-0.04073544469065382,0.19948918,0.2,0.36968994140625,0.027306266129016876,1.316898639698047,1280,,
4205,1177.62,130,1064960,253,107.47,0.7345285713672638,0.0003,-0.4885146023472771,-0.04226716381454025,0.18695457,0.2,0.36497802734375,0.10601018369197845,1.087862652988406,1290,,
4236,1200.48,131,1073152,253,108.77,0.7758675217628479,0.0003,-0.4642403838923201,-0.03872561341922846,0.2088695,0.2,0.35850830078125,0.20551350712776184,1.0138302014907823,1300,,
,,,1080000,,,0.6622655093669891,0.0003,-0.46032963041216135,-0.03612545419528033,0.15562561,0.2,0.34267578125,0.6066703796386719,1.6365490153897553,1310,1137.6,100.6
4269,1193.79,132,1081344,253,111.04,,,,,,,,,,,,
4300,1230.06,133,1089536,253,110.33,0.7040770947933197,0.0003,-0.45184214008040724,-0.03843197792812134,0.18327573,0.2,0.344580078125,0.40284284949302673,1.2327573717222549,1320,,
4330,1243.18,134,1097728,253,102.68,0.7148047089576721,0.0003,-0.44048447015229614,-0.032690464626648465,0.16763663,0.2,0.33404541015625,0.12704649567604065,1.5083748888457194,1330,,
4361,1228.39,135,1105920,253,103.45,0.5764557719230652,0.0003,-0.47457806731108576,-0.030603350369347027,0.17143649,0.2,0.36031494140625,0.3353077471256256,1.8441023870720528,1340,,
4393,1256.79,136,1114112,253,100.69,0.6469427645206451,0.0003,-0.4511151615530252,-0.03387285956086998,0.1674783,0.2,0.34124755859375,0.6486964225769043,1.3963268455700018,1350,,
,,,1120000,,,0.6460202634334564,0.0003,-0.46747482956852765,-0.034146129503278645,0.17326674,0.2,0.35072021484375,0.5407853722572327,1.6262653418001718,1360,1624.4,162.8
4431,1278.17,137,1122304,253,107.74,,,,,,,,,,,,
4462,1297.99,138,1130496,253,110.06,0.6519911289215088,0.0003,-0.47104702293872835,-0.03497319595335284,0.17807508,0.2,0.352001953125,0.35103899240493774,1.5041796329896897,1370,,
4493,1307.26,139,1138688,253,105.53,0.6775522828102112,0.0003,-0.465586555772461,-0.03488764988578623,0.17311832,0.2,0.351171875,0.36911165714263916,1.5750300443964078,1380,,
4523,1323.71,140,1146880,253,104.89,0.6996950507164001,0.0003,-0.4634267825167626,-0.03804980451823212,0.1738017,0.2,0.35958251953125,0.15928229689598083,1.3651800554944202,1390,,
4554,1328.83,141,1155072,253,100.38,0.6926788687705994,0.0003,-0.47759022829122844,-0.03818004646163899,0.17874336,0.2,0.3654052734375,0.5502579808235168,1.102899385371711,1400,,
,,,1160000,,,0.7187275886535645,0.0003,-0.481516986223869,-0.04119095987334731,0.19838852,0.2,0.36561279296875,0.12614920735359192,1.0816562490595971,1410,1552.0,92.8
4591,1347.91,142,1163264,253,103.37,,,,,,,,,,,,
4622,1421.93,143,1171456,253,105.05,0.6796718239784241,0.0003,-0.46840106442105023,-0.036655051155685216,0.18756184,0.2,0.35767822265625,0.06258657574653625,1.1544099371181802,1420,,
4652,1453.28,144,1179648,253,108.2,0.6409494876861572,0.0003,-0.4641802854137495,-0.03364553459905437,0.18135568,0.2,0.35587158203125,0.3138156533241272,1.468965964252129,1430,,
4682,1476.28,145,1187840,253,112.61,0.7097850143909454,0.0003,-0.47627081975806507,-0.03767090026885853,0.19535413,0.2,0.36978759765625,-0.001727275550365448,1.0576068168855273,1440,,
4712,1457.89,146,1196032,253,118.43,0.7601969093084335,0.0003,-0.4496997556416318,-0.03749663970811525,0.18985835,0.2,0.35216064453125,0.06425409018993378,0.945407872449141,1450,,
,,,1200000,,,0.7486678063869476,0.0003,-0.4318404152523726,-0.03705264028176316,0.16815609,0.2,0.3291015625,0.06733687222003937,1.125440212234389,1460,1348.4,144.6
4747,1422.1,147,1204224,253,121.88,,,,,,,,,,,,
4778,1378.53,148,1212416,253,122.92,0.7415884733200073,0.0003,-0.4526216447819024,-0.03599075136553438,0.17385554,0.2,0.34464111328125,0.3006463050842285,1.2978713374468498,1470,,
4810,1353.4,149,1220608,253,123.29,0.7372964024543762,0.0003,-0.432301922980696,-0.03470332893775776,0.19269216,0.2,0.33966064453125,0.11107587814331055,1.0734639785718172,1480,,
4842,1352.41,150,1228800,253,119.85,0.6620596647262573,0.0003,-0.4491536586079746,-0.03485654231844819,0.16938773,0.2,0.34874267578125,0.23293879628181458,1.4826920836349018,1490,,
4874,1345.73,151,1236992,253,119.9,0.7380857765674591,0.0003,-0.4600290684727952,-0.03350897257696488,0.18240932,0.2,0.35347900390625,0.20568856596946716,1.200800660275854,1500,,
,,,1240000,,,0.7293054759502411,0.0003,-0.4503232790855691,-0.03553992946326616,0.2026509,0.2,0.34029541015625,0.22853916883468628,1.2447500634589233,1510,1427.0,122.2
4912,1325.44,152,1245184,253,115.87,,,,,,,,,,,,
4942,1321.11,153,1253376,253,112.14,0.6681075990200043,0.0003,-0.44800720433704555,-0.03424498697204399,0.20137511,0.2,0.3451171875,0.3269619643688202,1.4019288103212602,1520,,
4974,1313.74,154,1261568,253,111.82,0.6263917088508606,0.0003,-0.45544673916883766,-0.03777637733583106,0.18093808,0.2,0.34775390625,0.4059467315673828,1.4414492058102042,1530,,
5006,1298.24,155,1269760,253,111.88,0.6421260833740234,0.0003,-0.4539617642760277,-0.033806522867598686,0.17550205,0.2,0.34501953125,0.13055790960788727,1.3924176081665791,1540,,
5037,1340.14,156,1277952,253,117.9,0.6852853894233704,0.0003,-0.4349927106872201,-0.03341819170018425,0.18168817,0.2,0.3293701171875,0.627740740776062,1.2723631412256509,1550,,
,,,1280000,,,0.730142205953598,0.0003,-0.44825893845409154,-0.034089107962427076,0.1651412,0.2,0.341064453125,0.22656647861003876,1.0895717238308862,1560,1522.8,114.6
5077,1359.39,157,1286144,253,119.91,,,,,,,,,,,,
5108,1345.66,158,1294336,253,118.2,0.7241941094398499,0.0003,-0.4583810829790309,-0.037157384569582064,0.16016075,0.2,0.3423583984375,0.21145445108413696,1.258186981815379,1570,,
5140,1375.0,159,1302528,253,119.59,0.7476285994052887,0.0003,-0.44291687635704874,-0.03568062587364693,0.17327628,0.2,0.3309814453125,0.15260450541973114,1.2093569403747098,1580,,
5171,1374.51,160,1310720,253,121.44,0.7363854348659515,0.0003,-0.42672559118364006,-0.03505247393914033,0.17007503,0.2,0.32864990234375,0.337202787399292,1.2397551496280357,1590,,
5201,1387.04,161,1318912,253,122.6,0.7326354086399078,0.0003,-0.4484354979824275,-0.034035146921814884,0.16084829,0.2,0.3427978515625,0.19834613800048828,1.469837200944312,1600,,
,,,1320000,,,0.7510344982147217,0.0003,-0.44768987272400407,-0.031979997093003476,0.24914338,0.2,0.35133056640625,0.1939263641834259,1.2296612164005638,1610,1677.4,146.8
5236,1396.99,162,1327104,253,122.7,,,,,,,,,,,,
5267,1403.06,163,1335296,253,120.83,0.6714732646942139,0.0003,-0.44950558345299213,-0.02984961118272622,0.15532522,0.2,0.34364013671875,0.3868088722229004,1.7961454330710693,1620,,
5298,1404.93,164,1343488,253,114.11,0.6202221810817719,0.0003,-0.44702310741413387,-0.023547023401624755,0.16725004,0.2,0.34671630859375,0.26175037026405334,1.6184215907589532,1630,,
5328,1399.4,165,1351680,253,113.2,0.709322065114975,0.0003,-0.4471766149625182,-0.03635212995941402,0.1726088,0.2,0.35517578125,0.18399643898010254,1.2629894264042378,1640,,
5358,1419.45,166,1359872,253,118.16,0.719635933637619,0.0003,-0.4388155351160094,-0.03737956304976251,0.19234596,0.2,0.34549560546875,0.21781112253665924,1.083023602713365,1650,,
,,,1360000,,,0.7576264292001724,0.0003,-0.4258190362947062,-0.03260603563903715,0.17118719,0.2,0.33038330078125,1.217400312423706,1.2803181291907095,1660,1459.6,147.2
5394,1457.94,167,1368064,253,120.58,,,,,,,,,,,,
5424,1436.74,168,1376256,253,117.19,0.7174249291419983,0.0003,-0.4570357273099944,-0.03938778356241528,0.18250273,0.2,0.3592529296875,0.22120428085327148,1.36694097610889,1670,,
5454,1425.74,169,1384448,253,114.83,0.6378835141658783,0.0003,-0.4538462429540232,-0.032307318710809343,0.17030422,0.2,0.34071044921875,0.5099322199821472,1.830964070034679,1680,,
5485,1404.74,170,1392640,253,113.64,0.6087191104888916,0.0003,-0.43262806318234653,-0.02736983549257275,0.18138863,0.2,0.3482666015625,0.4043799936771393,2.105926062492654,1690,,
,,,1400000,,,0.7083867788314819,0.0003,-0.43846017569303514,-0.03087631879679975,0.17765705,0.2,0.34781494140625,0.28028738498687744,1.522789914882742,1700,1488.2,151.4
5521,1363.82,171,1400832,253,110.97,,,,,,,,,,,,
5551,1389.89,172,1409024,253,119.43,0.6362922787666321,0.0003,-0.44893560190685095,-0.027976294021937066,0.16954327,0.2,0.35003662109375,0.5628729462623596,2.0743618701118978,1710,,
5582,1410.99,173,1417216,253,124.92,0.6928294599056244,0.0003,-0.4338765990221873,-0.03281216271570884,0.1745468,0.2,0.34027099609375,0.33394452929496765,1.3737636812380516,1720,,
5612,1410.36,174,1425408,253,125.94,0.7253592610359192,0.0003,-0.4371210061712191,-0.033382152005287935,0.16792208,0.2,0.3375732421875,0.07929382473230362,1.334635121235624,1730,,
5644,1415.23,175,1433600,253,126.45,0.7570686489343643,0.0003,-0.4409911815309897,-0.03218826628435636,0.1707066,0.2,0.3342529296875,0.26925650238990784,1.4978869234095327,1740,,
,,,1440000,,,0.772874504327774,0.0003,-0.41833811823744327,-0.03189487055278732,0.17558073,0.2,0.324658203125,0.16527104377746582,1.5064001516671852,1750,1392.6,89.4
5678,1415.62,176,1441792,253,126.19,,,,,,,,,,,,
5708,1414.05,177,1449984,253,122.12,0.73582923412323,0.0003,-0.4067703847773373,-0.029559170434367843,0.145199,0.2,0.31387939453125,0.5180196166038513,2.024346228991635,1760,,
5738,1416.56,178,1458176,254,119.85,0.7858590632677078,0.0003,-0.4200698843691498,-0.032694221823112456,0.1731236,0.2,0.3307373046875,0.403704971075058,1.2864509678678586,1770,,
5768,1408.44,179,1466368,254,117.54,0.781081810593605,0.0003,-0.4533560230396688,-0.03650505909899948,0.15875874,0.2,0.349609375,0.13381542265415192,1.1560933361179195,1780,,
5799,1419.12,180,1474560,254,119.2,0.7638005912303925,0.0003,-0.44470962944906206,-0.029892049103364116,0.1483788,0.2,0.331689453125,2.222011089324951,1.462833492073696,1790,,
,,,1480000,,,0.7501752078533173,0.0003,-0.45321244418155404,-0.03253799635422183,0.15693617,0.2,0.34044189453125,0.11651338636875153,1.312801407056395,1800,1503.8,132.8
5836,1403.1,181,1482752,254,119.29,,,,,,,,,,,,
5868,1391.3,182,1490944,254,116.6,0.762848898768425,0.0003,-0.4619380460353568,-0.03287721470587712,0.14635873,0.2,0.33126220703125,0.2476261407136917,1.784032723470591,1810,,
5898,1397.15,183,1499136,254,112.22,0.7050781846046448,0.0003,-0.4441815040772781,-0.031238657896756193,0.15158269,0.2,0.32742919921875,0.13947394490242004,1.763475178554654,1820,,
5929,1416.19,184,1507328,254,110.18,0.6729748547077179,0.0003,-0.47601376501843334,-0.027973980004753686,0.16478509,0.2,0.35181884765625,0.3124387860298157,1.7396251601399855,1830,,
5960,1431.94,185,1515520,254,108.2,0.6461253464221954,0.0003,-0.4613825956592336,-0.031216793115163455,0.18757594,0.2,0.350341796875,0.12770438194274902,1.6208415176253765,1840,,
,,,1520000,,,0.5708559155464172,0.0003,-0.4929911844898015,-0.03010769657048513,0.16421062,0.2,0.35184326171875,0.4366149604320526,1.979933686950244,1850,1607.4,144.6
5998,1439.88,186,1523712,254,101.97,,,,,,,,,,,,
6029,1472.57,187,1531904,254,106.21,0.6935767531394958,0.0003,-0.4805356310447678,-0.03566964459096198,0.16510409,0.2,0.351318359375,0.2675170302391052,1.3990811205352656,1860,,
6059,1425.16,188,1540096,254,101.0,0.760535791516304,0.0003,-0.48332737721502783,-0.03228666384820826,0.15642613,0.2,0.351025390625,0.187709778547287,1.318865505582653,1870,,
6090,1402.62,189,1548288,254,97.96,0.7364955842494965,0.0003,-0.5253137306543068,-0.030451480374176755,0.1463007,0.2,0.35302734375,0.35677433013916016,1.856249219388701,1880,,
6121,1366.31,190,1556480,254,95.48,0.6957339346408844,0.0003,-0.5256373571231961,-0.029563784037600273,0.15328905,0.2,0.366943359375,2.2125301361083984,2.087251071375795,1890,,
,,,1560000,,,0.7501519918441772,0.0003,-0.5308350696694106,-0.03487544537238137,0.15868616,0.2,0.3672119140625,0.26586973667144775,1.6671012872247957,1900,1505.4,115.0
6155,1328.61,191,1564672,254,90.86,,,,,,,,,,,,
6185,1345.84,192,1572864,254,93.13,0.7915150672197342,0.0003,-0.524843520228751,-0.03956638694580761,0.15859358,0.2,0.37728271484375,0.03948606550693512,1.156722856964916,1910,,
6215,1381.76,193,1581056,254,99.67,0.7797232270240784,0.0003,-0.5299909788183867,-0.03678123887657421,0.15257955,0.2,0.36234130859375,0.6663009524345398,1.522302507655695,1920,,
6246,1385.83,194,1589248,254,104.97,0.7739448994398117,0.0003,-0.5186964183812961,-0.041881333290075415,0.16262242,0.2,0.362744140625,0.2361600697040558,1.0523565668147057,1930,,
6277,1393.78,195,1597440,254,108.05,0.70651975274086,0.0003,-0.4976387535687536,-0.03781729800102766,0.15303028,0.2,0.34388427734375,1.0726344585418701,1.8194434406002984,1940,,
,,,1600000,,,0.7051597535610199,0.0003,-0.5198462642496452,-0.03452930457206094,0.14770168,0.2,0.35623779296875,0.41158878803253174,1.827645454229787,1950,1462.0,133.0
6311,1403.65,196,1605632,254,113.07,,,,,,,,,,,,
6342,1384.39,197,1613824,254,115.52,0.7433235943317413,0.0003,-0.47414134212303904,-0.0331051980763732,0.15596545,0.2,0.3443115234375,1.290923833847046,1.4832529211300425,1960,,
6372,1422.36,198,1622016,254,118.74,0.7812216281890869,0.0003,-0.4718550785677508,-0.03220085965876933,0.15557799,0.2,0.34091796875,0.4176706373691559,1.3531008881051094,1970,,
6402,1454.8,199,1630208,254,122.4,0.7526971250772476,0.0003,-0.4984498023521155,-0.0335994522083638,0.14600724,0.2,0.34766845703125,0.19409334659576416,1.568371631973423,1980,,
6432,1494.62,200,1638400,254,128.2,0.7564074397087097,0.0003,-0.489035888412036,-0.02931524397645262,0.13887468,0.2,0.34334716796875,0.24244534969329834,1.4812847474124282,1990,,
,,,1640000,,,0.7677857875823975,0.0003,-0.48895140073727816,-0.0372391594988585,0.15894204,0.2,0.345361328125,1.020855188369751,1.4664293589419686,2000,1691.2,151.8
6469,1496.64,201,1646592,254,130.12,,,,,,,,,,,,
6499,1497.11,202,1654784,254,130.88,0.7468866109848022,0.0003,-0.47628783124964685,-0.031809103705745655,0.1590023,0.2,0.3303955078125,0.7519909143447876,1.5122795413830317,2010,,
6530,1458.29,203,1662976,254,123.98,0.7467417418956757,0.0003,-0.45456843769643457,-0.030417429747467396,0.13454422,0.2,0.32236328125,0.11280611157417297,1.6201004587230272,2020,,
6561,1448.29,204,1671168,254,115.03,0.686278760433197,0.0003,-0.5259637251030653,-0.03491116986988345,0.13481541,0.2,0.3504150390625,0.1040496975183487,1.6579056878108531,2030,,
6591,1408.07,205,1679360,254,98.88,0.5473672151565552,0.0003,-0.537844576430507,-0.03082898504435434,0.14332028,0.2,0.36107177734375,0.5821747183799744,1.9256065411260352,2040,,
,,,1680000,,,0.5470077097415924,0.0003,-0.5459767506457865,-0.031236042700038526,0.15059565,0.2,0.36221923828125,0.24467849731445312,2.148705875361338,2050,1552.2,102.2
6626,1422.2,206,1687552,254,96.43,,,,,,,,,,,,
6655,1469.72,207,1695744,254,101.1,0.6582077741622925,0.0003,-0.47957034285645933,-0.029870043156552128,0.15374063,0.2,0.34273681640625,0.396303653717041,1.8176616899785585,2060,,
6685,1444.87,208,1703936,254,105.35,0.6887050867080688,0.0003,-0.4919193207286298,-0.03154773729256703,0.15284246,0.2,0.3545166015625,0.15056829154491425,1.4386661640251988,2070,,
6716,1449.1,209,1712128,254,107.56,0.6874158382415771,0.0003,-0.4977211341960356,-0.02935314987844322,0.12744674,0.2,0.33831787109375,0.4909442067146301,2.093144848011434,2080,,
,,,1720000,,,0.7249791026115417,0.0003,-0.5105963525827975,-0.03378345683668158,0.12905145,0.2,0.33685302734375,0.22448015213012695,1.6596999170724303,2090,1391.2,101.8
6752,1475.12,210,1720320,254,109.93,,,,,,,,,,,,
6783,1441.8,211,1728512,254,108.58,0.7553658485412598,0.0003,-0.5125117704272271,-0.03783812720284914,0.14746846,0.2,0.3480224609375,0.060080572962760925,1.3729787337011659,2100,,
6813,1458.71,212,1736704,254,107.74,0.7627650499343872,0.0003,-0.5027488542255014,-0.03511353345274983,0.14276782,0.2,0.3461181640625,0.982369601726532,1.449730122287292,2110,,
6844,1475.09,213,1744896,254,117.27,0.7118326425552368,0.0003,-0.49267422563862057,-0.035320317906007405,0.13825205,0.2,0.3361328125,0.34279054403305054,1.5280892317416146,2120,,
6874,1492.17,214,1753088,255,126.39,0.763098731637001,0.0003,-0.4661288177128881,-0.034525876838597466,0.15821704,0.2,0.32978515625,0.4645597040653229,1.3373780237394386,2130,,
,,,1760000,,,0.7694699615240097,0.0003,-0.4496307633118704,-0.03019004791021871,0.14183316,0.2,0.31951904296875,0.325256884098053,1.2486713267629965,2140,1567.8,127.4
6911,1508.65,215,1761280,254,133.06,,,,,,,,,,,,
6941,1517.98,216,1769472,254,136.43,0.7520123273134232,0.0003,-0.4844822002341971,-0.030643869443883885,0.14514588,0.2,0.3304931640625,0.19639606773853302,1.709121439536102,2150,,
6971,1541.77,217,1777664,254,140.88,0.8001591861248016,0.0003,-0.45318558979779483,-0.026963004894787444,0.13863403,0.2,0.32039794921875,0.21937522292137146,1.2440793372341432,2160,,
7002,1539.21,218,1785856,255,138.68,0.7153607308864594,0.0003,-0.46740991519764064,-0.033687948826991485,0.13301922,0.2,0.32431640625,0.10664248466491699,1.5950879107345828,2170,,
7032,1548.47,219,1794048,255,133.77,0.7403854727745056,0.0003,-0.4747695683501661,-0.032540896211139626,0.149364,0.2,0.33258056640625,0.289438396692276,1.5107344714575448,2180,,
,,,1800000,,,0.6946756541728973,0.0003,-0.45855715572834016,-0.032446652423823254,0.14708424,0.2,0.32396240234375,0.27225708961486816,1.6911558410618455,2190,1544.2,152.6
7068,1588.25,220,1802240,254,134.08,,,,,,,,,,,,
7098,1576.96,221,1810432,255,134.08,0.6507735550403595,0.0003,-0.46179010774940255,-0.027616396650410026,0.14780948,0.2,0.3262451171875,1.1011993885040283,1.818430062045809,2200,,
7130,1564.02,222,1818624,255,132.29,0.7665061354637146,0.0003,-0.4838426164817065,-0.031146033484401415,0.15713868,0.2,0.35140380859375,0.36044710874557495,1.2934932853444479,2210,,
7160,1558.44,223,1826816,255,130.55,0.7600928395986557,0.0003,-0.4333926868857816,-0.029380323968507583,0.13228062,0.2,0.3013916015625,0.3425956070423126,1.500445067055989,2220,,
7191,1538.74,224,1835008,255,128.61,0.7198343276977539,0.0003,-0.4780932166147977,-0.02591519502166193,0.14925018,0.2,0.3443115234375,0.3188878893852234,1.6296558143105357,2230,,
,,,1840000,,,0.7133364975452423,0.0003,-0.4614136473275721,-0.02622566529389587,0.14854655,0.2,0.32401123046875,0.1978549361228943,1.6996136714238674,2240,1998.8,139.2
7227,1513.86,225,1843200,255,123.41,,,,,,,,,,,,
7257,1521.74,226,1851392,255,122.42,0.7730263471603394,0.0003,-0.4637151491595432,-0.027707542240750626,0.14457217,0.2,0.32900390625,0.33651915192604065,1.6128774665179662,2250,,
7287,1523.7,227,1859584,255,122.99,0.8149471879005432,0.0003,-0.4589163104305044,-0.03282242427012534,0.1610718,0.2,0.343798828125,0.07984251528978348,1.0908976502832957,2260,,
7317,1558.07,228,1867776,255,124.54,0.7005545198917389,0.0003,-0.46092122844420375,-0.025852323136859923,0.13013962,0.2,0.31671142578125,0.19598573446273804,1.9319988425588235,2270,,
7348,1568.07,229,1875968,255,130.02,0.6570195257663727,0.0003,-0.4535339264664799,-0.028292356216115876,0.15136239,0.2,0.33785400390625,1.5492641925811768,2.2651824107626455,2280,,
,,,1880000,,,0.762856125831604,0.0003,-0.43916181998793036,-0.026795199194020826,0.17304987,0.2,0.3326171875,0.36710020899772644,1.5053868622635491,2290,1677.0,150.0
7384,1621.56,230,1884160,255,137.61,,,,,,,,,,,,
7414,1615.28,231,1892352,255,134.24,0.6700333058834076,0.0003,-0.438189013232477,-0.027048619755078107,0.16546495,0.2,0.318994140625,0.3933261036872864,2.1684172577690335,2300,,
7444,1640.64,232,1900544,255,129.07,0.611231118440628,0.0003,-0.44121197883505375,-0.020496901497244834,0.1670732,0.2,0.3401611328125,1.0665247440338135,2.1796012807637455,2310,,
7475,1652.39,233,1908736,255,132.11,0.6395631730556488,0.0003,-0.45955662643536926,-0.02610628899637959,0.17434812,0.2,0.34608154296875,0.42424270510673523,1.6923588116187602,2320,,
7505,1655.78,234,1916928,255,127.58,0.5884058177471161,0.0003,-0.4343525173142552,-0.02779447590764903,0.1867905,0.2,0.3453125,0.30984047055244446,1.5983923864550889,2330,,
,,,1920000,,,0.6714571118354797,0.0003,-0.4330229203682393,-0.02779157561235479,0.16100806,0.2,0.32030029296875,0.18602482974529266,1.5697344837011769,2340,1804.8,163.8
7542,1629.1,235,1925120,255,124.24,,,,,,,,,,,,
7573,1605.75,236,1933312,255,120.57,0.674604207277298,0.0003,-0.42338221895042805,-0.02738903886056505,0.17127821,0.2,0.32550048828125,0.26093778014183044,1.3939678601105698,2350,,
7603,1574.04,237,1941504,255,121.66,0.5847618281841278,0.0003,-0.4712615554453805,-0.02289505639273557,0.15373036,0.2,0.34407958984375,0.4859500825405121,1.8502079830039293,2360,,
7634,1555.67,238,1949696,255,123.21,0.6665596067905426,0.0003,-0.44141354982275516,-0.028669622753659495,0.14792524,0.2,0.31978759765625,0.3142227232456207,1.6459832737222313,2370,,
7664,1562.81,239,1957888,255,126.62,0.7157056331634521,0.0003,-0.4433627683669329,-0.028873910482070643,0.15486953,0.2,0.31981201171875,0.13020701706409454,1.5033775138435885,2380,,
,,,1960000,,,0.6400724053382874,0.0003,-0.44226437888573855,-0.023426957448100437,0.14446598,0.2,0.3236083984375,1.0797048807144165,1.982580806466285,2390,1694.8,184.4
7702,1564.61,240,1966080,255,126.21,,,,,,,,,,,,
7733,1612.46,241,1974272,255,132.48,0.7025656998157501,0.0003,-0.4433528678258881,-0.024216703864658483,0.13634989,0.2,0.31546630859375,0.3196555972099304,1.6824014192912728,2400,,
7765,1611.41,242,1982464,255,132.17,0.7257111370563507,0.0003,-0.4401260223938152,-0.027280419943417657,0.17630656,0.2,0.33270263671875,0.16656848788261414,1.4010980128776283,2410,,
7795,1593.8,243,1990656,255,129.81,0.6598427295684814,0.0003,-0.44052756421733646,-0.025530245195841416,0.16198993,0.2,0.33104248046875,0.2990243136882782,1.8693407528335229,2420,,
7825,1590.52,244,1998848,255,129.59,0.684788167476654,0.0003,-0.4460633765673265,-0.018617177111445928,0.13847578,0.2,0.3288330078125,0.6119473576545715,1.9585101609583944,2430,,
,,,2000000,,,0.7222133576869965,0.0003,-0.4461891224142164,-0.026073444885696517,0.1537022,0.2,0.32666015625,0.3660036325454712,1.4936212621512823,2440,1550.2,128.2
7860,1579.62,245,2007040,255,131.34,,,,,,,,,,,,
7891,1544.16,246,2015232,255,125.82,0.6966556310653687,0.0003,-0.46080461218953134,-0.02670886877385783,0.14764331,0.2,0.3255126953125,0.6024055480957031,1.7050980176776647,2450,,
7922,1553.79,247,2023424,255,126.52,0.7085986137390137,0.0003,-0.4468813991872594,-0.02852403901197249,0.16097227,0.2,0.3248046875,0.19920215010643005,1.5044735479867086,2460,,
7954,1589.79,248,2031616,255,128.81,0.7392267286777496,0.0003,-0.4667396858567372,-0.02607765090469911,0.14976561,0.2,0.32994384765625,0.1587831676006317,1.494603925116826,2470,,
7985,1595.6,249,2039808,255,128.76,0.7384853363037109,0.0003,-0.46074877292849126,-0.027449295851693024,0.13931316,0.2,0.3175537109375,0.37049600481987,1.4259886788320728,2480,,
,,,2040000,,,0.7317058145999908,0.0003,-0.4359766653273255,-0.027611774517936283,0.14711498,0.2,0.3126953125,0.1951138824224472,1.5016115015372633,2490,1774.2,174.0
8028,1615.1,250,2048000,255,127.41,,,,,,,,,,,,
8059,1667.06,251,2056192,255,132.31,0.7569397836923599,0.0003,-0.44754551546648147,-0.028792740504286485,0.15592813,0.2,0.32772216796875,0.4211375415325165,1.145227870461531,2500,,
8089,1678.89,252,2064384,255,133.2,0.7584566622972488,0.0003,-0.4429103640373796,-0.027688595727158826,0.14656422,0.2,0.31298828125,0.3711852729320526,1.2654055685386993,2510,,
8120,1695.29,253,2072576,255,137.42,0.7546249628067017,0.0003,-0.4338851674459875,-0.029924204943017684,0.1435,0.2,0.3122802734375,0.35589084029197693,1.267576164600905,2520,,
,,,2080000,,,0.7246937155723572,0.0003,-0.4261121894465759,-0.024715416432445635,0.14935897,0.2,0.31439208984375,0.12245146930217743,1.5118840693263338,2530,1880.0,132.4
8157,1737.14,254,2080768,255,138.49,,,,,,,,,,,,
8188,1747.52,255,2088960,255,141.44,0.6974160671234131,0.0003,-0.4480349224060774,-0.025414169344003312,0.16476165,0.2,0.33223876953125,0.6572844386100769,1.5407421479001642,2540,,
8218,1741.87,256,2097152,255,143.23,0.7539092600345612,0.0003,-0.42933073213789613,-0.028291790781440795,0.14620529,0.2,0.31036376953125,0.40959471464157104,1.285901628062129,2550,,
8249,1739.22,257,2105344,255,142.3,0.8326762020587921,0.0003,-0.4567948549287394,-0.03080045970782521,0.1575912,0.2,0.32718505859375,0.08396895974874496,0.9814802138018421,2560,,
8281,1700.36,258,2113536,255,137.4,0.763977974653244,0.0003,-0.43793332176283,-0.031482512391812635,0.14886019,0.2,0.31807861328125,0.14866356551647186,1.1789946488454006,2570,,
,,,2120000,,,0.7672218382358551,0.0003,-0.4351161596365273,-0.0304678036198311,0.18276966,0.2,0.3098388671875,0.11552359163761139,1.441812982375268,2580,1820.8,179.2
8318,1742.58,259,2121728,255,145.64,,,,,,,,,,,,
8349,1689.38,260,2129920,255,140.8,0.7959496825933456,0.0003,-0.4347252451814711,-0.02816820840598666,0.1464164,0.2,0.31510009765625,0.16509002447128296,1.577241309627425,2590,,
8380,1670.56,261,2138112,255,136.71,0.7481108605861664,0.0003,-0.45428529942873863,-0.02363300728975446,0.14297862,0.2,0.3265380859375,0.3420463800430298,1.8307307570241391,2600,,
8410,1646.42,262,2146304,255,138.9,0.7653722763061523,0.0003,-0.44208654288668187,-0.029736188715105527,0.15642595,0.2,0.32998046875,0.3065827488899231,1.5314467108808458,2610,,
8440,1630.86,263,2154496,255,138.71,0.753837838768959,0.0003,-0.4275604731868953,-0.026199875905149383,0.18258964,0.2,0.32373046875,0.3558116853237152,1.7066339652054012,2620,,
,,,2160000,,,0.752856656908989,0.0003,-0.42086145968642086,-0.025494977684138574,0.16990504,0.2,0.3167724609375,0.2865749001502991,1.5784929876681417,2630,1848.4,169.2
8477,1613.3,264,2162688,255,137.41,,,,,,,,,,,,
8507,1637.01,265,2170880,255,143.77,0.7722284942865372,0.0003,-0.4249982167966664,-0.023890486111486097,0.16930823,0.2,0.310986328125,0.5611691474914551,1.6187136785010807,2640,,
8537,1617.9,266,2179072,255,146.21,0.8492592871189117,0.0003,-0.42166145010851325,-0.028933982132730306,0.14508435,0.2,0.3026611328125,0.07043448090553284,0.9473614896531217,2650,,
8568,1607.78,267,2187264,255,144.91,0.8411535173654556,0.0003,-0.4153724075295031,-0.028136417639325374,0.17866,0.2,0.299072265625,0.1415598839521408,1.262840436247643,2660,,
8598,1563.6,268,2195456,255,140.1,0.762410894036293,0.0003,-0.439783931709826,-0.023195538850995946,0.14093095,0.2,0.31070556640625,0.33637598156929016,1.7643149679992347,2670,,
,,,2200000,,,0.7090501189231873,0.0003,-0.4465716729639098,-0.021907497748179593,0.16444543,0.2,0.3255859375,0.38047879934310913,1.9807189767016098,2680,1877.4,142.0
8635,1544.8,269,2203648,255,135.94,,,,,,,,,,,,
8666,1560.99,270,2211840,255,134.62,0.7139707505702972,0.0003,-0.45189067120663823,-0.022586532870627708,0.14831184,0.2,0.33001708984375,1.2613848447799683,1.8555076329270377,2690,,
8697,1580.35,271,2220032,255,137.47,0.7109764516353607,0.0003,-0.43150515572633596,-0.02150521320509142,0.15813637,0.2,0.3207763671875,0.143369659781456,1.790946850902401,2700,,
8728,1633.6,272,2228224,255,144.57,0.7120472192764282,0.0003,-0.41254697924014183,-0.02422082186312764,0.15544325,0.2,0.3158935546875,0.1654907613992691,1.7633750105509534,2710,,
8759,1680.58,273,2236416,255,150.98,0.7948843240737915,0.0003,-0.42455111485905944,-0.023223114930442535,0.14435361,0.2,0.30423583984375,0.4283525049686432,1.7946971206692979,2720,,
,,,2240000,,,0.7513295114040375,0.0003,-0.42092488368507475,-0.02331846896013303,0.14192161,0.2,0.30465087890625,0.39973747730255127,1.9524078753078355,2730,1841.6,151.8
8794,1678.22,274,2244608,255,146.4,,,,,,,,,,,,
8825,1649.27,275,2252800,255,146.13,0.6447955667972565,0.0003,-0.44955087241251024,-0.01849654101752094,0.15429762,0.2,0.32376708984375,0.3979599177837372,2.2139084371738136,2740,,
8856,1655.05,276,2260992,255,151.1,0.6666357815265656,0.0003,-0.41692720144055784,-0.021053081429272424,0.18674234,0.2,0.3346435546875,0.6869201064109802,1.9223738133208825,2750,,
8887,1628.74,277,2269184,255,145.05,0.7582063674926758,0.0003,-0.42938007281627505,-0.021352777772335685,0.16241917,0.2,0.3258544921875,0.5698928833007812,1.4238070178078488,2760,,
8917,1638.58,278,2277376,255,145.84,0.6658046245574951,0.0003,-0.4219686411553994,-0.019992947646096583,0.16451077,0.2,0.3139892578125,1.0146584510803223,2.296870194096118,2770,,
,,,2280000,,,0.7866445183753967,0.0003,-0.416927193547599,-0.019155815152771538,0.15910283,0.2,0.3134521484375,0.1495998203754425,1.397385658614803,2780,1892.0,165.2
8956,1660.26,279,2285568,255,150.01,,,,,,,,,,,,
8986,1655.14,280,2293760,255,148.1,0.7673157453536987,0.0003,-0.42785642261151224,-0.01627631043556903,0.15446028,0.2,0.30101318359375,0.8893951177597046,2.211545675015077,2790,,
9016,1633.28,281,2301952,255,135.97,0.790357768535614,0.0003,-0.44654944059439006,-0.01777709132657037,0.1668964,0.2,0.32215576171875,0.5629081726074219,1.8622927309246733,2800,,
9048,1559.95,282,2310144,255,126.55,0.8515111356973648,0.0003,-0.47540282988920807,-0.02673202329715423,0.1478261,0.2,0.325927734375,0.11852073669433594,1.4902941633132287,2810,,
9079,1461.79,283,2318336,255,116.13,0.7427605986595154,0.0003,-0.4886816098820418,-0.024103487553293234,0.13852158,0.2,0.33724365234375,2.0341591835021973,2.0279392551397906,2820,,
,,,2320000,,,0.777555525302887,0.0003,-0.4813161642290652,-0.02453996948461281,0.13909325,0.2,0.31629638671875,0.822958767414093,2.055563868372701,2830,1454.8,149.6
9114,1455.99,284,2326528,255,118.45,,,,,,,,,,,,
9144,1393.48,285,2334720,255,118.12,0.7596002817153931,0.0003,-0.4737794482614845,-0.024028755272593117,0.1556202,0.2,0.33162841796875,0.6758463382720947,1.9781336116837338,2840,,
9175,1407.24,286,2342912,255,119.4,0.7798890322446823,0.0003,-0.45882193818688394,-0.023272232486124266,0.15747957,0.2,0.32564697265625,0.48117563128471375,1.6050630919635296,2850,,
9207,1417.77,287,2351104,255,110.7,0.7130250334739685,0.0003,-0.4550123802619055,-0.02198752966505708,0.15112811,0.2,0.3260498046875,0.28284919261932373,1.9589408062631264,2860,,
9238,1385.24,288,2359296,255,102.67,0.5834497213363647,0.0003,-0.565397477359511,-0.02348055090769776,0.14632624,0.2,0.37960205078125,0.25846752524375916,1.3919813432265074,2870,,
,,,2360000,,,0.7009326219558716,0.0003,-0.5012938580708578,-0.025592473617871293,0.16041014,0.2,0.33963623046875,0.2263445258140564,1.515256006619893,2880,1537.0,105.8
9273,1387.03,289,2367488,255,97.54,,,,,,,,,,,,
9304,1373.99,290,2375680,255,90.72,0.6581941545009613,0.0003,-0.49345844350755214,-0.02068863685854012,0.14087439,0.2,0.32855224609375,1.2751402854919434,1.9128673349507153,2890,,
9334,1386.81,291,2383872,255,103.92,0.595348447561264,0.0003,-0.5076833226019517,-0.021814741246635093,0.17055163,0.2,0.356982421875,0.2928948700428009,1.8534015085780993,2900,,
9364,1380.35,292,2392064,255,104.82,0.6972972452640533,0.0003,-0.44252340358216313,-0.018469442289642757,0.16149835,0.2,0.32474365234375,0.9727432727813721,1.8565697479760275,2910,,
,,,2400000,,,0.6893301904201508,0.0003,-0.45367080909200014,-0.022248544320609652,0.17391643,0.2,0.3267333984375,1.0305160284042358,1.6967525977641345,2920,1537.2,170.8
9402,1409.6,293,2400256,255,112.03,,,,,,,,,,,,
9432,1434.88,294,2408448,255,118.65,0.7630711644887924,0.0003,-0.4673382916254923,-0.02411916807104717,0.20083249,0.2,0.34835205078125,0.11301495134830475,1.1646256149862892,2930,,
9464,1429.23,295,2416640,255,116.13,0.7772966623306274,0.0003,-0.46296197273768486,-0.022950370601392933,0.15254995,0.2,0.3185546875,1.042574167251587,1.5480493440991268,2940,,
9495,1384.63,296,2424832,255,110.6,0.7238140404224396,0.0003,-0.43982456426601857,-0.021437672392494278,0.13821621,0.2,0.3189453125,0.516456663608551,1.5744543515844271,2950,,
9525,1338.47,297,2433024,255,108.25,0.5554156303405762,0.0003,-0.46034953331109135,-0.01872289516686578,0.16250803,0.2,0.32969970703125,0.7082889080047607,2.169199967570603,2960,,
,,,2440000,,,0.5893381237983704,0.0003,-0.4566494157304987,-0.014293765049660578,0.18898141,0.2,0.35108642578125,0.27559390664100647,1.9807827554410324,2970,1188.6,105.2
9559,1322.36,298,2441216,255,108.24,,,,,,,,,,,,
9590,1326.0,299,2449408,255,110.96,0.6262542307376862,0.0003,-0.43705937017221,-0.017025659747741884,0.1529339,0.2,0.3084228515625,0.7476525902748108,2.1553966066101564,2980,,
9620,1388.55,300,2457600,255,118.7,0.6604416370391846,0.0003,-0.435174202430062,-0.015859310966334306,0.14392844,0.2,0.3051025390625,0.8904111385345459,2.404608400678262,2990,,
9650,1445.87,301,2465792,255,125.61,0.6616222858428955,0.0003,-0.45435462589375675,-0.01644904828426661,0.1600207,0.2,0.32496337890625,0.6114389896392822,2.3265288023743778,3000,,
9680,1464.18,302,2473984,255,132.69,0.7540954500436783,0.0003,-0.450364958611317,-0.026244392458102082,0.1705384,0.2,0.33160400390625,0.38908833265304565,1.3693919985555112,3010,,
,,,2480000,,,0.7387331426143646,0.0003,-0.44287170863244685,-0.021723273693351076,0.13567546,0.2,0.30565185546875,0.5967015624046326,1.773318777466193,3020,1988.6,158.6
9718,1482.89,303,2482176,255,132.32,,,,,,,,,,,,
9749,1486.1,304,2490368,255,132.62,0.6855393946170807,0.0003,-0.46125204239506273,-0.02022962185292272,0.14893204,0.2,0.32200927734375,0.4612692892551422,2.1541164986323564,3030,,
9779,1502.19,305,2498560,255,139.7,0.7133556306362152,0.0003,-0.4233105352614075,-0.017343131902453023,0.14447436,0.2,0.3002197265625,0.3624064326286316,1.9280538765247912,3040,,
9810,1451.02,306,2506752,255,135.09,0.806141123175621,0.0003,-0.4534259842010215,-0.025072570771590107,0.12369692,0.2,0.3073974609375,0.8741313219070435,1.5309703575680031,3050,,
9841,1488.88,307,2514944,255,138.27,0.7556624859571457,0.0003,-0.4584488044027239,-0.022359022646560332,0.1302382,0.2,0.31173095703125,1.9591604471206665,1.9865966965910047,3060,,
,,,2520000,,,0.7982730716466904,0.0003,-0.4594238416058943,-0.02136750628487789,0.12130056,0.2,0.2989013671875,0.737717866897583,1.8957784617086872,3070,1749.0,147.4
9877,1503.98,308,2523136,255,139.81,,,,,,,,,,,,
9907,1506.49,309,2531328,255,140.01,0.8254398554563522,0.0003,-0.484058435074985,-0.023191829485585912,0.12155087,0.2,0.305126953125,0.27125006914138794,1.948004925949499,3080,,
9937,1499.88,310,2539520,255,137.96,0.8071109354496002,0.0003,-0.4443539773346856,-0.02306082596987835,0.111827865,0.2,0.28914794921875,0.9208365678787231,1.951034960662946,3090,,
9967,1531.39,311,2547712,255,136.68,0.7804778963327408,0.0003,-0.4880527765722945,-0.015125275644095382,0.14084128,0.2,0.316357421875,0.4188179671764374,2.3355902523966505,3100,,
9997,1537.47,312,2555904,255,134.0,0.8599455952644348,0.0003,-0.44656053110957145,-0.025127683625760254,0.13557665,0.2,0.3161865234375,0.13096344470977783,1.0662470748648047,3110,,
,,,2560000,,,0.8304612040519714,0.0003,-0.4722953586606309,-0.0257608858133608,0.1354718,0.2,0.31473388671875,0.18495804071426392,1.775298139057122,3120,1651.6,162.4
10034,1539.89,313,2564096,255,132.93,,,,,,,,,,,,
10065,1543.45,314,2572288,255,133.89,0.7992151826620102,0.0003,-0.4867452158825472,-0.022534439530500095,0.13193612,0.2,0.31932373046875,0.4264686107635498,2.13234770859126,3130,,
10095,1511.23,315,2580480,255,127.5,0.8012383878231049,0.0003,-0.4661240611225367,-0.01858501946553588,0.12242154,0.2,0.31309814453125,0.4034465551376343,2.071022162795998,3140,,
10125,1472.42,316,2588672,255,126.25,0.82064388692379,0.0003,-0.49530037252698095,-0.02074021735752467,0.11195533,0.2,0.30538330078125,0.3403834402561188,1.9078528977232054,3150,,
10155,1421.59,317,2596864,255,116.01,0.8364700376987457,0.0003,-0.47643320851493626,-0.02501949879078893,0.12508038,0.2,0.310546875,0.5768017768859863,1.601034366840031,3160,,
,,,2600000,,,0.7465788722038269,0.0003,-0.5094696298474446,-0.022993425011009094,0.13219473,0.2,0.34527587890625,0.20099908113479614,1.8198796939803288,3170,1764.2,168.2
10191,1386.05,318,2605056,255,112.08,,,,,,,,,,,,
10222,1421.84,319,2613248,255,118.87,0.8098716735839844,0.0003,-0.5114431233145297,-0.023659800929090126,0.11318331,0.2,0.30303955078125,0.23529429733753204,2.0774711696896704,3180,,
10253,1416.91,320,2621440,255,118.03,0.8012970834970474,0.0003,-0.4771721015218645,-0.019132311326211494,0.13384914,0.2,0.31502685546875,1.8283532857894897,2.121257608477026,3190,,
10284,1428.67,321,2629632,255,126.44,0.8436697870492935,0.0003,-0.45333950091153385,-0.018308228009118466,0.12417367,0.2,0.29742431640625,1.038644552230835,1.7302873123902827,3200,,
10316,1419.38,322,2637824,255,127.38,0.8167509734630585,0.0003,-0.5002467280020937,-0.019105561958713223,0.114712216,0.2,0.31258544921875,0.45047104358673096,2.3149122660048307,3210,,
,,,2640000,,,0.7670294791460037,0.0003,-0.477391884336248,-0.017358499018155272,0.122846924,0.2,0.30975341796875,0.7789561748504639,2.4633100246777757,3220,1803.6,180.0
10354,1445.0,323,2646016,255,129.33,,,,,,,,,,,,
10386,1481.41,324,2654208,255,135.96,0.8193109780550003,0.0003,-0.4989281808026135,-0.02146549437820795,0.11951485,0.2,0.31827392578125,2.4310474395751953,1.9659352607908658,3230,,
10417,1471.35,325,2662400,255,130.75,0.8397416174411774,0.0003,-0.48201796354260296,-0.020680402345897166,0.11790109,0.2,0.3102294921875,0.34756821393966675,1.7159605301101692,3240,,
10446,1470.62,326,2670592,255,126.88,0.6621006727218628,0.0003,-0.5368036460829899,-0.015348045724385884,0.11074272,0.2,0.33145751953125,1.2337510585784912,2.808274269197136,3250,,
10476,1454.35,327,2678784,255,125.08,0.7390280961990356,0.0003,-0.5375346392160282,-0.018754961744707543,0.11534836,0.2,0.33570556640625,0.5764164328575134,2.345072557590902,3260,,
,,,2680000,,,0.7648255676031113,0.0003,-0.5176099055912345,-0.02032938132979325,0.12807824,0.2,0.33165283203125,0.6182407140731812,2.2943751577986404,3270,1572.0,138.8
10512,1490.89,328,2686976,255,131.72,,,,,,,,,,,,
10544,1504.28,329,2695168,255,133.7,0.7872815281152725,0.0003,-0.48112595155835153,-0.022522302593642962,0.12588379,0.2,0.3169189453125,0.3483861982822418,1.8113762763678096,3280,,
10576,1538.0,330,2703360,255,133.09,0.8143124878406525,0.0003,-0.4849995591212064,-0.023299152473191496,0.116413824,0.2,0.312109375,0.9768167734146118,1.6483670697896742,3290,,
10607,1562.97,331,2711552,255,140.03,0.8033837825059891,0.0003,-0.5016779268160463,-0.024408328317804262,0.11566435,0.2,0.31085205078125,0.16727715730667114,1.8948688690550626,3300,,
10638,1602.25,332,2719744,255,138.29,0.8295028954744339,0.0003,-0.4727702825563028,-0.021358900357881794,0.11456171,0.2,0.29249267578125,0.5985884070396423,1.9939579108497127,3310,,
,,,2720000,,,0.8130490034818649,0.0003,-0.4803391803987324,-0.02117786183334829,0.14108685,0.2,0.31763916015625,1.0678600072860718,2.037514255591668,3320,1872.8,145.6
10681,1556.37,333,2727936,255,130.54,,,,,,,,,,,,
10714,1522.15,334,2736128,255,127.04,0.7843662351369858,0.0003,-0.49195595511700957,-0.01944968879033695,0.122672975,0.2,0.319677734375,0.1910589337348938,2.2909471377264707,3330,,
10747,1542.05,335,2744320,255,132.66,0.7356670498847961,0.0003,-0.480099255614914,-0.01845940902712755,0.12778766,0.2,0.30556640625,1.3269155025482178,2.160173351899721,3340,,
10780,1558.28,336,2752512,255,137.69,0.8371812254190445,0.0003,-0.48444455408025533,-0.021195646108026267,0.1206553,0.2,0.30975341796875,0.21290411055088043,1.4187016759766267,3350,,
,,,2760000,,,0.8259382098913193,0.0003,-0.45451805032789705,-0.022209653205936774,0.12703517,0.2,0.30228271484375,0.2531507611274719,1.513952616613824,3360,1983.6,251.4
10822,1592.16,337,2760704,255,142.6,,,,,,,,,,,,
10856,1630.72,338,2768896,255,144.03,0.8453956544399261,0.0003,-0.4672167289769277,-0.024191375634836733,0.1384744,0.2,0.30333251953125,1.4926917552947998,1.5573112095124089,3370,,
10889,1665.16,339,2777088,255,151.47,0.8110067844390869,0.0003,-0.4784105844562873,-0.02188988014604547,0.11865647,0.2,0.29893798828125,0.41409897804260254,1.7569315038854256,3380,,
10922,1671.32,340,2785280,254,152.06,0.8204224556684494,0.0003,-0.4521489581093192,-0.022378424471753533,0.119966984,0.2,0.2890625,0.23534175753593445,1.4865619925316422,3390,,
10956,1601.25,341,2793472,254,146.66,0.825836718082428,0.0003,-0.4560600116848946,-0.020264279166440247,0.14202031,0.2,0.31708984375,0.2894563376903534,1.6457047847099602,3400,,
,,,2800000,,,0.8166881054639816,0.0003,-0.4917487098369747,-0.022401800103034476,0.1196976,0.2,0.309765625,0.4214988946914673,1.5875496470136568,3410,1354.0,131.8
10995,1586.76,342,2801664,254,145.02,,,,,,,,,,,,
11028,1604.01,343,2809856,254,150.7,0.765266016125679,0.0003,-0.4618001907598227,-0.018448753486882196,0.14580125,0.2,0.31549072265625,0.43986403942108154,1.8000166736077516,3420,,
11061,1613.94,344,2818048,254,159.31,0.8128590285778046,0.0003,-0.4470244697993621,-0.020566844501081503,0.13773891,0.2,0.30421142578125,0.22478967905044556,1.4120360889006407,3430,,
11095,1596.04,345,2826240,254,159.96,0.8122174590826035,0.0003,-0.44314301789272575,-0.01991689278074773,0.13112226,0.2,0.30045166015625,0.391886830329895,1.8405046792933717,3440,,
11129,1662.76,346,2834432,254,168.2,0.8149401396512985,0.0003,-0.46338335040491074,-0.021721585446357494,0.1198988,0.2,0.30333251953125,0.33493471145629883,1.8340883830562233,3450,,
,,,2840000,,,0.7953142076730728,0.0003,-0.48065270779188723,-0.021942989656236023,0.1458858,0.2,0.336865234375,0.4264599680900574,1.4935623994795606,3460,1775.6,136.8
11168,1667.0,347,2842624,254,165.24,,,,,,,,,,,,
11198,1608.61,348,2850816,254,157.75,0.7716432064771652,0.0003,-0.4806722301756963,-0.021217205266293605,0.13802356,0.2,0.32669677734375,0.6631194353103638,1.6287661996902898,3470,,
11228,1613.35,349,2859008,254,154.56,0.773776575922966,0.0003,-0.47686283094808457,-0.015575607306163874,0.13532418,0.2,0.31669921875,0.4845374822616577,2.0319670194294304,3480,,
11259,1646.22,350,2867200,254,157.35,0.8134702295064926,0.0003,-0.4659496470121667,-0.01609843770493171,0.13431801,0.2,0.3197998046875,0.35181742906570435,1.6014743893640115,3490,,
11292,1628.88,351,2875392,254,153.7,0.7550445646047592,0.0003,-0.45299975166562945,-0.01930823213624535,0.14642933,0.2,0.30693359375,0.7378318309783936,1.9366903620539233,3500,,
,,,2880000,,,0.8109620809555054,0.0003,-0.473286155401729,-0.022776669658196625,0.12518716,0.2,0.30687255859375,0.4585520029067993,1.5505015192786231,3510,1642.6,171.6
11332,1625.84,352,2883584,254,156.04,,,,,,,,,,,,
11366,1572.93,353,2891776,254,146.65,0.8333223611116409,0.0003,-0.4411085207713768,-0.021262770133034792,0.122746244,0.2,0.29564208984375,0.22963428497314453,1.6442288470920174,3520,,
11399,1521.07,354,2899968,254,136.42,0.714346319437027,0.0003,-0.4726220440119505,-0.020096263408049708,0.1147181,0.2,0.311181640625,0.6114557981491089,2.0562035094830207,3530,,
11432,1505.38,355,2908160,254,136.1,0.7398868799209595,0.0003,-0.4532800865359604,-0.018044763314173907,0.12504177,0.2,0.29971923828125,0.360659122467041,2.0148702521342785,3540,,
11462,1432.23,356,2916352,254,126.63,0.8336987495422363,0.0003,-0.4878967507975176,-0.018575845462692087,0.11366463,0.2,0.300244140625,0.5143663883209229,2.0934212417108937,3550,,
,,,2920000,,,0.7485969960689545,0.0003,-0.49657812805380674,-0.013451750626700232,0.12189705,0.2,0.31624755859375,0.8690674901008606,2.360676737711765,3560,1733.2,159.4
11502,1502.65,357,2924544,254,133.17,,,,,,,,,,,,
11531,1515.16,358,2932736,254,134.92,0.8218682408332825,0.0003,-0.5007497807499022,-0.022537037204347143,0.11746317,0.2,0.31094970703125,0.7371529936790466,1.837283918238245,3570,,
11561,1526.14,359,2940928,254,141.14,0.7689859718084335,0.0003,-0.4592987484531477,-0.020826171075896127,0.13421853,0.2,0.3093994140625,0.20237375795841217,1.9328478979179635,3580,,
11592,1525.13,360,2949120,254,140.56,0.8228697925806046,0.0003,-0.46645396382082255,-0.016340882020449497,0.12683938,0.2,0.31129150390625,0.524306058883667,1.943532252800651,3590,,
11621,1533.12,361,2957312,254,137.95,0.8173036128282547,0.0003,-0.47454228152055294,-0.020753345745470143,0.14532313,0.2,0.30367431640625,0.5607977509498596,1.9250531817553564,3600,,
,,,2960000,,,0.7735160887241364,0.0003,-0.4817237706622109,-0.018656362479669043,0.13224602,0.2,0.3188720703125,0.3950769305229187,1.9391811863286421,3610,2071.0,191.6
11660,1574.21,362,2965504,254,143.41,,,,,,,,,,,,
11690,1577.43,363,2973696,254,137.75,0.8015670031309128,0.0003,-0.4835541751002893,-0.021134389196595292,0.11040599,0.2,0.3018310546875,0.29354360699653625,1.6453268327051773,3620,,
11720,1566.29,364,2981888,254,132.9,0.7910762578248978,0.0003,-0.49171501921955496,-0.018865638606803257,0.1331785,0.2,0.32197265625,0.26267048716545105,1.766712556569837,3630,,
11750,1614.87,365,2990080,254,137.39,0.815274715423584,0.0003,-0.48957614758983253,-0.018285092974838334,0.103090905,0.2,0.3046630859375,0.7783235907554626,1.9312674501677976,3640,,
11780,1612.24,366,2998272,254,136.16,0.7957313060760498,0.0003,-0.4812386868754402,-0.024504221678216708,0.116151914,0.2,0.31064453125,0.45226356387138367,1.6557439737720414,3650,,
,,,3000000,,,0.7608193308115005,0.0003,-0.48082966117653997,-0.022797413431180757,0.1360271,0.2,0.3260498046875,0.8382920026779175,1.6821859674761073,3660,1822.8,151.6
11818,1578.6,367,3006464,254,136.9,,,,,,,,,,,,
11848,1584.99,368,3014656,254,144.51,0.7639759927988052,0.0003,-0.5185560376383365,-0.020191578658705113,0.14504923,0.2,0.34053955078125,0.28618282079696655,1.8062395552406088,3670,,
11877,1576.68,369,3022848,254,148.57,0.8186601847410202,0.0003,-0.45757313233334573,-0.018009897121373797,0.1138358,0.2,0.30010986328125,0.2821522355079651,1.7206965138902888,3680,,
11909,1538.76,370,3031040,254,148.23,0.7639193683862686,0.0003,-0.48185102448333056,-0.018800537458446342,0.12531461,0.2,0.31505126953125,0.6964179277420044,2.077461973205209,3690,,
11939,1496.04,371,3039232,254,149.6,0.7924748957157135,0.0003,-0.4923384232679382,-0.01884222847802448,0.12408607,0.2,0.32115478515625,0.4670405387878418,1.787350776232779,3700,,
,,,3040000,,,0.7685085982084274,0.0003,-0.46847106066998095,-0.017721754885133122,0.14821637,0.2,0.315625,0.32197219133377075,1.7587047544075176,3710,1674.2,175.0
11974,1490.91,372,3047424,254,144.45,,,,,,,,,,,,
12004,1506.3,373,3055616,254,139.85,0.7720998078584671,0.0003,-0.46913340454921126,-0.02018762990446703,0.1322226,0.2,0.30858154296875,0.3495471477508545,1.9550149340881036,3720,,
12034,1479.42,374,3063808,254,134.96,0.7555631250143051,0.0003,-0.4985379070742056,-0.018948055845976343,0.11989072,0.2,0.3222900390625,0.492972195148468,1.70314705359051,3730,,
12064,1462.57,375,3072000,254,128.64,0.7997299432754517,0.0003,-0.47261723447591064,-0.020833559132006484,0.12131378,0.2,0.3081787109375,0.3597731292247772,1.953443701681681,3740,,
,,,3080000,,,0.8395902365446091,0.0003,-0.46137658949010074,-0.02130549427420192,0.11227466,0.2,0.29425048828125,0.1687433421611786,1.5194858468137682,3750,1664.2,156.0
12100,1512.12,376,3080192,254,135.23,,,,,,,,,,,,
12130,1542.87,377,3088384,254,144.15,0.8103851228952408,0.0003,-0.4439611962530762,-0.020874328779609642,0.13085192,0.2,0.29892578125,0.3110376298427582,1.5896147878607736,3760,,
12160,1540.77,378,3096576,254,141.13,0.8105085641145706,0.0003,-0.4342730674659833,-0.0227380496202386,0.12050399,0.2,0.28953857421875,1.258957862854004,1.7260486527346075,3770,,
12190,1563.56,379,3104768,254,141.98,0.7979429215192795,0.0003,-0.4790126034524292,-0.021323917024710683,0.13724652,0.2,0.32373046875,0.3084676265716553,1.7284276551799849,3780,,
12221,1550.6,380,3112960,254,142.04,0.7686634659767151,0.0003,-0.4310743927024305,-0.01690754778283008,0.1419515,0.2,0.30118408203125,0.34186607599258423,1.8422797841718421,3790,,
,,,3120000,,,0.8390650749206543,0.0003,-0.45044743542093785,-0.018300411848031217,0.13976082,0.2,0.31434326171875,0.2944166660308838,1.4245513032190502,3800,1802.2,164.0
12259,1545.33,381,3121152,254,139.07,,,,,,,,,,,,
12290,1477.8,382,3129344,254,134.47,0.7083993256092072,0.0003,-0.42992664135526865,-0.018470445398634183,0.12439105,0.2,0.29581298828125,0.4403669834136963,2.253827123367228,3810,,
12320,1488.01,383,3137536,254,138.58,0.7053495943546295,0.0003,-0.4399858884513378,-0.014456211043943767,0.13457066,0.2,0.31148681640625,0.5445094704627991,2.2659407458966596,3820,,
12351,1481.9,384,3145728,254,141.76,0.7784546166658401,0.0003,-0.44691668280866,-0.02045497615763452,0.13620917,0.2,0.3042236328125,0.5399094223976135,1.5255909506231546,3830,,
12381,1483.37,385,3153920,254,144.35,0.7792004644870758,0.0003,-0.44577115806750955,-0.01824718558018503,0.109891266,0.2,0.28465576171875,0.5134216547012329,2.024894221685827,3840,,
,,,3160000,,,0.7930440753698349,0.0003,-0.4341368380934,-0.019645708660391392,0.118860096,0.2,0.2945068359375,0.3093458414077759,1.5478884380310773,3850,1799.2,160.4
12419,1545.36,386,3162112,254,153.67,,,,,,,,,,,,
12449,1634.07,387,3170304,254,166.58,0.7716277688741684,0.0003,-0.4498179592890665,-0.0197884971385065,0.1316789,0.2,0.2985107421875,0.6430902481079102,1.8326412601629272,3860,,
12477,1654.59,388,3178496,254,170.95,0.855423629283905,0.0003,-0.4425129815470427,-0.019382948230850162,0.10750725,0.2,0.29613037109375,0.20337195694446564,0.9670730759389699,3870,,
12506,1688.16,389,3186688,254,170.82,0.8268250524997711,0.0003,-0.47636514401528984,-0.023033225330436835,0.112135544,0.2,0.29757080078125,0.5952283143997192,1.6499796088552103,3880,,
12534,1688.51,390,3194880,254,165.25,0.7875034958124161,0.0003,-0.4402952024014667,-0.020944954350125045,0.12493558,0.2,0.29229736328125,0.1643432378768921,1.9040972264949232,3890,,
,,,3200000,,,0.7754354923963547,0.0003,-0.46493681268766524,-0.018084931088378654,0.11612314,0.2,0.30567626953125,0.5157530307769775,1.825813962961547,3900,1903.8,190.6
12571,1649.7,391,3203072,254,157.57,,,,,,,,,,,,
12600,1602.77,392,3211264,254,147.71,0.7505482137203217,0.0003,-0.47327479913365095,-0.017049601995677222,0.10141663,0.2,0.300537109375,0.9851391315460205,2.2895235824398696,3910,,
12629,1559.85,393,3219456,254,144.42,0.8496788591146469,0.0003,-0.4792988510103896,-0.02036686611972982,0.1246974,0.2,0.3042236328125,0.1285930871963501,1.3991182733909227,3920,,
12658,1531.69,394,3227648,254,138.09,0.761919692158699,0.0003,-0.46119644297286866,-0.015677593730652008,0.11300753,0.2,0.295166015625,1.6879874467849731,2.139045418612659,3930,,
12689,1556.84,395,3235840,255,140.39,0.744546502828598,0.0003,-0.48134500635787847,-0.0153036466872436,0.11202889,0.2,0.3163330078125,2.419952154159546,2.302723976573907,3940,,
,,,3240000,,,0.7546994537115097,0.0003,-0.4728994475444779,-0.018718497079316877,0.1202707,0.2,0.30830078125,0.8518185019493103,2.049460046715103,3950,1473.2,120.0
12722,1530.85,396,3244032,254,133.75,,,,,,,,,,,,
12751,1536.2,397,3252224,255,134.2,0.708572655916214,0.0003,-0.4826037272810936,-0.016363210980489384,0.14112796,0.2,0.32471923828125,0.9312705993652344,2.2879040393047037,3960,,
12779,1569.15,398,3260416,255,137.41,0.7349924147129059,0.0003,-0.42746861656196417,-0.016082194114278536,0.12788734,0.2,0.29013671875,0.13866806030273438,1.696083011571318,3970,,
12808,1590.05,399,3268608,255,143.53,0.7844778746366501,0.0003,-0.4575719398446381,-0.022465547043975676,0.12903121,0.2,0.301220703125,0.4800466299057007,1.7534437456401064,3980,,
12837,1605.69,400,3276800,255,149.8,0.7732516229152679,0.0003,-0.4348215732257813,-0.01952828484609199,0.11627619,0.2,0.288134765625,0.16689667105674744,1.740648026415147,3990,,
,,,3280000,,,0.824552908539772,0.0003,-0.4607095575891435,-0.016818239564236136,0.1447531,0.2,0.30120849609375,0.21460843086242676,1.5564189687138423,4000,1437.6,105.8
12870,1628.1,401,3284992,255,149.2,,,,,,,,,,,,
12899,1582.74,402,3293184,255,142.57,0.7134271264076233,0.0003,-0.48791619488038124,-0.01796839626476867,0.12866774,0.2,0.32613525390625,0.5220811367034912,1.9507253192132339,4010,,
12927,1586.06,403,3301376,255,140.41,0.7512221038341522,0.0003,-0.4491914102109149,-0.015570503634080524,0.12739792,0.2,0.2975341796875,0.8049908876419067,1.9443062226753682,4020,,
12955,1551.53,404,3309568,255,130.44,0.8045803010463715,0.0003,-0.4687519906787202,-0.016362816189939622,0.10508087,0.2,0.29256591796875,1.0390230417251587,2.049516072683036,4030,,
12983,1525.59,405,3317760,255,124.05,0.7829177379608154,0.0003,-0.4717634157510474,-0.01881876641928102,0.1972683,0.2,0.3032470703125,0.4502411484718323,2.335817910381593,4040,,
,,,3320000,,,0.785723477602005,0.0003,-0.5006773279979825,-0.020309058673956316,0.1279035,0.2,0.3211669921875,0.23766745626926422,2.0623076321091505,4050,1906.8,183.6
13018,1546.2,406,3325952,255,133.2,,,,,,,,,,,,
13047,1553.47,407,3334144,255,132.41,0.7626003473997116,0.0003,-0.47740355459973216,-0.01332202562771272,0.14046335,0.2,0.33232421875,0.3863491714000702,2.1725723385345193,4060,,
13075,1543.23,408,3342336,255,134.87,0.7089299261569977,0.0003,-0.49323836334515364,-0.020322829074575565,0.1406355,0.2,0.32752685546875,0.2714046537876129,2.346661096671596,4070,,
13104,1545.16,409,3350528,255,140.92,0.6601041555404663,0.0003,-0.456461816187948,-0.014937157980239136,0.13065943,0.2,0.3131591796875,2.055906057357788,2.4297932115150616,4080,,
13133,1560.15,410,3358720,255,147.27,0.8052643239498138,0.0003,-0.46330068139359354,-0.02005461906264827,0.12087259,0.2,0.3060791015625,0.3022439777851105,1.8733800280606374,4090,,
,,,3360000,,,0.7140033543109894,0.0003,-0.441700760810636,-0.011262725637789118,0.15049052,0.2,0.3026611328125,0.7149172425270081,2.1194041174836458,4100,1815.0,173.8
13170,1566.34,411,3366912,255,149.97,,,,,,,,,,,,
13198,1562.31,412,3375104,255,153.35,0.722725510597229,0.0003,-0.4594371253391728,-0.01400022064226505,0.14962484,0.2,0.29737548828125,0.751034140586853,2.47575890137814,4110,,
13227,1593.61,413,3383296,255,155.98,0.6192743480205536,0.0003,-0.46503246813081206,-0.007443620095727965,0.13570629,0.2,0.31046142578125,0.7189577221870422,1.9933067303849383,4120,,
13255,1619.94,414,3391488,255,158.53,0.6879856288433075,0.0003,-0.47252545855008066,-0.01710903804851114,0.14592761,0.2,0.32049560546875,0.27663666009902954,1.9554333136416973,4130,,
13284,1634.82,415,3399680,255,156.63,0.7394672632217407,0.0003,-0.47508951695635915,-0.016709178240853363,0.118688345,0.2,0.307666015625,0.4472602605819702,1.9174910455709324,4140,,
,,,3400000,,,0.6439275741577148,0.0003,-0.4408262451644987,-0.015293003794795368,0.16228198,0.2,0.32469482421875,0.2134031355381012,2.0640102038858457,4150,1456.0,120.8
13320,1617.47,416,3407872,255,150.8,,,,,,,,,,,,
13348,1636.22,417,3416064,255,144.75,0.6958866119384766,0.0003,-0.46353260686155406,-0.016807911561772925,0.12993896,0.2,0.30748291015625,0.6143577694892883,1.9561677116900682,4160,,
13377,1636.7,418,3424256,255,147.67,0.7400891482830048,0.0003,-0.4831582414917648,-0.020297960507014066,0.1348507,0.2,0.3269287109375,0.44824492931365967,1.1880070980172603,4170,,
13405,1661.64,419,3432448,256,149.26,0.7864910066127777,0.0003,-0.4313338730717078,-0.023275416999968,0.13770053,0.2,0.29149169921875,0.6251198053359985,1.3772365801618434,4180,,
,,,3440000,,,0.7491631805896759,0.0003,-0.44872375573031603,-0.016910493101750034,0.13085367,0.2,0.30198974609375,0.6931108832359314,1.6931135253282263,4190,1835.0,163.2
13440,1684.39,420,3440640,255,153.88,,,,,,,,,,,,
13468,1712.82,421,3448832,256,160.72,0.776021346449852,0.0003,-0.4318733254447579,-0.018808538320445222,0.1341749,0.2,0.30511474609375,0.5500838160514832,1.7695051698479802,4200,,
13496,1705.76,422,3457024,256,167.43,0.8022240996360779,0.0003,-0.4087132298853248,-0.022575761817279272,0.13016249,0.2,0.28175048828125,0.1257992535829544,1.2246957748546266,4210,,
13524,1685.58,423,3465216,256,167.24,0.8098715245723724,0.0003,-0.418061508378014,-0.020200867136918533,0.13946712,0.2,0.2869384765625,0.16415192186832428,1.4747553688357584,4220,,
13553,1576.81,424,3473408,256,149.34,0.7674265950918198,0.0003,-0.4168088758829981,-0.01820862510430743,0.12521373,0.2,0.280615234375,0.15817075967788696,1.706156705506146,4230,,
,,,3480000,,,0.6730371713638306,0.0003,-0.5237128160428256,-0.013813021624082466,0.12092638,0.2,0.32764892578125,0.6663112640380859,2.8309510097140445,4240,1961.6,179.8
13590,1466.72,425,3481600,256,132.89,,,,,,,,,,,,
13618,1373.01,426,3489792,256,115.04,0.7137687802314758,0.0003,-0.49150675381533804,-0.017783998909726505,0.12961912,0.2,0.32904052734375,0.24481676518917084,2.4199224218027666,4250,,
13646,1356.64,427,3497984,256,107.01,0.7485770285129547,0.0003,-0.5270709772594273,-0.016059703926293876,0.13127515,0.2,0.3354736328125,0.8016374111175537,1.9418898577569053,4260,,
13675,1435.71,428,3506176,256,115.53,0.7810817807912827,0.0003,-0.49137330169323834,-0.01869028280416387,0.110384166,0.2,0.30843505859375,0.9952386617660522,1.6664192776428535,4270,,
13704,1477.18,429,3514368,256,124.8,0.8007942289113998,0.0003,-0.4603667333954945,-0.015738024100573966,0.106423646,0.2,0.28734130859375,1.7153915166854858,1.8372009428450837,4280,,
,,,3520000,,,0.7954847067594528,0.0003,-0.47572876380290835,-0.020028947502578377,0.15766391,0.2,0.31331787109375,0.23870573937892914,1.504775826376863,4290,1726.2,185.6
13737,1550.09,430,3522560,256,137.99,,,,,,,,,,,,
13765,1617.67,431,3530752,256,143.74,0.867551788687706,0.0003,-0.44760072268545625,-0.017564741434762256,0.122033365,0.2,0.30135498046875,0.17156241834163666,1.355548291723244,4300,,
13795,1662.79,432,3538944,256,151.07,0.7647206783294678,0.0003,-0.48488080874085426,-0.013479987169375818,0.11618346,0.2,0.30584716796875,0.5242377519607544,2.140756110241637,4310,,
13824,1642.67,433,3547136,256,149.77,0.8322117030620575,0.0003,-0.45961879391688854,-0.02186514424138295,0.12561223,0.2,0.30355224609375,0.6531498432159424,1.339409919641912,4320,,
13853,1659.78,434,3555328,256,150.29,0.8628518581390381,0.0003,-0.4757350156316534,-0.019134735078114317,0.112413794,0.2,0.289892578125,0.3682495355606079,1.8211736048571765,4330,,
,,,3560000,,,0.8384085148572922,0.0003,-0.48570019686594607,-0.017910977723659016,0.113109544,0.2,0.3141845703125,0.20706284046173096,1.4219509094255045,4340,1858.2,175.6
13887,1612.57,435,3563520,256,140.52,,,,,,,,,,,,
13915,1599.57,436,3571712,256,133.87,0.8070032745599747,0.0003,-0.5338742208434268,-0.021390939562843415,0.105259,0.2,0.32119140625,0.32204994559288025,1.743736635730602,4350,,
13943,1595.37,437,3579904,256,130.16,0.7934821099042892,0.0003,-0.5306210031965748,-0.022613919460854958,0.12692228,0.2,0.33873291015625,0.5427558422088623,1.4634713547420688,4360,,
13973,1574.35,438,3588096,256,127.21,0.745704710483551,0.0003,-0.5017074245028198,-0.023147027310551495,0.11781247,0.2,0.32208251953125,0.09716350585222244,1.5584382177214138,4370,,
14002,1567.16,439,3596288,256,127.5,0.726080983877182,0.0003,-0.46575136326719074,-0.017749290088249835,0.11884896,0.2,0.3066650390625,0.3838753402233124,1.8588299060007558,4380,,
,,,3600000,,,0.8169213235378265,0.0003,-0.45709120635874567,-0.022099409736983943,0.12043127,0.2,0.2984375,0.38764092326164246,1.6179669915931298,4390,1748.2,186.2
14038,1606.59,440,3604480,256,135.95,,,,,,,,,,,,
14066,1564.41,441,3612672,256,142.35,0.7784834206104279,0.0003,-0.44416568588931116,-0.017712601662424277,0.13269381,0.2,0.3026611328125,0.22340312600135803,1.4568813943886199,4400,,
14095,1598.49,442,3620864,256,150.01,0.7874430269002914,0.0003,-0.4492998562287539,-0.018300953027937793,0.112911284,0.2,0.28057861328125,0.4323269724845886,1.8599512511864305,4410,,
14125,1614.72,443,3629056,256,152.38,0.7643816322088242,0.0003,-0.43678128903266045,-0.020884500470856437,0.13336456,0.2,0.30517578125,0.2702372074127197,1.553011988918297,4420,,
14154,1683.46,444,3637248,256,161.59,0.7446115612983704,0.0003,-0.43754020147025585,-0.019248518555104965,0.15687595,0.2,0.31053466796875,0.11671370267868042,1.5513046427397057,4430,,
,,,3640000,,,0.8054620772600174,0.0003,-0.4442098784726113,-0.017867796107020696,0.122972295,0.2,0.29725341796875,0.0528336837887764,1.0659045929496642,4440,2185.2,219.0
14192,1740.17,445,3645440,256,167.83,,,,,,,,,,,,
14221,1776.66,446,3653632,256,166.65,0.7675278931856155,0.0003,-0.4235239312751219,-0.01796950643110904,0.13248776,0.2,0.2850830078125,0.10992945730686188,1.4108149966341443,4450,,
14249,1776.85,447,3661824,256,167.73,0.8290319442749023,0.0003,-0.47804855979047717,-0.027159441879484804,0.1212274,0.2,0.29766845703125,0.24796296656131744,1.4456705931108444,4460,,
14278,1772.25,448,3670016,257,165.58,0.8125254064798355,0.0003,-0.4313223159406334,-0.020881199500581715,0.12797508,0.2,0.292919921875,0.37733665108680725,1.5927905031945557,4470,,
14308,1791.93,449,3678208,257,167.57,0.8060535788536072,0.0003,-0.43165619324427096,-0.02123394543741597,0.12288684,0.2,0.29046630859375,0.4116479456424713,1.4639017977402546,4480,,
,,,3680000,,,0.7700692415237427,0.0003,-0.4156358770560473,-0.017607445530302357,0.11931411,0.2,0.2802734375,1.0083962678909302,2.0758087267866356,4490,1857.0,188.4
14341,1739.54,450,3686400,257,162.5,,,,,,,,,,,,
14371,1730.36,451,3694592,257,166.22,0.7731480300426483,0.0003,-0.4429630262311548,-0.015932795749540672,0.118173674,0.2,0.28916015625,0.7495195865631104,2.15965163721703,4500,,
14399,1741.72,452,3702784,257,166.68,0.8451632261276245,0.0003,-0.4644036289770156,-0.02128216032833734,0.121108785,0.2,0.29395751953125,1.8048629760742188,1.4826464286539704,4510,,
14428,1744.94,453,3710976,257,163.47,0.828990176320076,0.0003,-0.44998147026635704,-0.015390627735177987,0.12001553,0.2,0.292724609375,0.5183680057525635,1.4831196012208239,4520,,
14456,1645.15,454,3719168,257,150.76,0.8223586082458496,0.0003,-0.4668127747951075,-0.021039447863586247,0.13902006,0.2,0.29476318359375,0.5857208371162415,1.5777137962868437,4530,,
,,,3720000,,,0.730395495891571,0.0003,-0.4635498526273295,-0.014875363759347237,0.12836795,0.2,0.29349365234375,0.3662528097629547,2.550731089594774,4540,1747.0,130.6
14491,1540.52,455,3727360,257,135.33,,,,,,,,,,,,
14519,1556.29,456,3735552,257,133.12,0.6658828258514404,0.0003,-0.46810044152662156,-0.011061278893612326,0.13095143,0.2,0.31982421875,0.29028603434562683,2.3089363757520913,4550,,
14548,1521.81,457,3743744,257,126.96,0.734820544719696,0.0003,-0.4403701069066301,-0.017263688811362955,0.13249116,0.2,0.2989501953125,0.08700758218765259,1.2527871095458978,4560,,
14576,1489.89,458,3751936,257,114.78,0.7489085495471954,0.0003,-0.5025854894192889,-0.015734868814615766,0.1328637,0.2,0.33043212890625,0.060268864035606384,1.3837774928077125,4570,,
,,,3760000,,,0.7163815796375275,0.0003,-0.533285386255011,-0.018252137765375664,0.1168282,0.2,0.3207763671875,0.49593308568000793,2.150258681876585,4580,1635.4,114.0
14611,1571.43,459,3760128,257,124.26,,,,,,,,,,,,
14641,1580.23,460,3768320,257,125.93,0.7365947961807251,0.0003,-0.5268488763831556,-0.022035096287800114,0.13763209,0.2,0.315185546875,0.491469144821167,1.8157600748352707,4590,,
14672,1556.12,461,3776512,257,128.59,0.7973663806915283,0.0003,-0.4736640110379085,-0.016553125797508984,0.14340405,0.2,0.30489501953125,0.5959998369216919,1.5593944754917175,4600,,
14704,1539.26,462,3784704,257,136.12,0.7893281131982803,0.0003,-0.48620374689344315,-0.018201339741790435,0.113528356,0.2,0.29622802734375,0.6654951572418213,2.016602150211111,4610,,
14736,1503.02,463,3792896,257,142.76,0.7360352575778961,0.0003,-0.44886006182059646,-0.012684561818605288,0.11315547,0.2,0.28135986328125,0.5524558424949646,2.5059408746426923,4620,,
,,,3800000,,,0.7896798104047775,0.0003,-0.4187115381937474,-0.017814471829478862,0.12779456,0.2,0.27457275390625,0.5281144976615906,1.6977380428812467,4630,1680.4,170.8
14772,1492.7,464,3801088,257,148.46,,,,,,,,,,,,
14804,1560.51,465,3809280,257,155.14,0.7894870340824127,0.0003,-0.4135424530832097,-0.016978982057480607,0.1242565,0.2,0.27677001953125,0.9426549077033997,1.758868833561428,4640,,
14836,1553.14,466,3817472,257,152.16,0.7470375001430511,0.0003,-0.45782005407381804,-0.018681913112231996,0.12878111,0.2,0.29012451171875,0.8364962339401245,1.8663729887921363,4650,,
14866,1598.77,467,3825664,257,156.73,0.6619486212730408,0.0003,-0.4763578893151134,-0.017391751009927247,0.11467635,0.2,0.30323486328125,0.12455665320158005,1.9332830869127064,4660,,
14897,1606.19,468,3833856,257,156.5,0.7174937725067139,0.0003,-0.45934138176962735,-0.022950111615864445,0.11943052,0.2,0.30224609375,0.5280796885490417,1.5109050414874219,4670,,
,,,3840000,,,0.7422019243240356,0.0003,-0.44744734570849687,-0.0121285802568309,0.10683405,0.2,0.27613525390625,0.7962576746940613,2.06908956207335,4680,1816.4,231.8
14935,1588.88,469,3842048,257,155.27,,,,,,,,,,,,
14966,1510.56,470,3850240,257,144.19,0.7750606089830399,0.0003,-0.4723275135271251,-0.014142467407145887,0.12101111,0.2,0.28720703125,0.5022881031036377,1.9376545168692245,4690,,
14998,1494.56,471,3858432,257,138.47,0.6001979410648346,0.0003,-0.49634248034562917,-0.008828325229114854,0.13662386,0.2,0.3315673828125,1.428661823272705,2.920267931977287,4700,,
15030,1482.08,472,3866624,257,136.8,0.6287684142589569,0.0003,-0.4969960989197716,-0.012266631097736536,0.14076446,0.2,0.33397216796875,0.24806678295135498,1.7079428671859205,4710,,
15062,1485.78,473,3874816,257,129.36,0.7017934918403625,0.0003,-0.47111340654082595,-0.014824468380538747,0.14160979,0.2,0.32135009765625,0.49464160203933716,1.8426557331345976,4720,,
,,,3880000,,,0.6659833490848541,0.0003,-0.5111070971004665,-0.012066220480483026,0.12739909,0.2,0.32176513671875,0.24902629852294922,2.5245986692607403,4730,1825.8,199.2
15102,1451.53,474,3883008,257,124.23,,,,,,,,,,,,
15134,1497.54,475,3891200,257,133.18,0.7222703695297241,0.0003,-0.537993123033084,-0.008958566115325084,0.12290983,0.2,0.32943115234375,1.2051384449005127,2.7195293804397807,4740,,
15166,1487.47,476,3899392,257,131.59,0.798604279756546,0.0003,-0.40279711212497205,-0.016034663885147894,0.13939393,0.2,0.29090576171875,0.35850033164024353,1.422443150775507,4750,,
15198,1494.05,477,3907584,257,129.85,0.824664831161499,0.0003,-0.4835183738032356,-0.018411761442985154,0.1233959,0.2,0.30345458984375,0.30055561661720276,1.378218377858866,4760,,
15230,1496.87,478,3915776,257,136.21,0.8376400768756866,0.0003,-0.468837757082656,-0.017608717790062657,0.10163573,0.2,0.28104248046875,1.6805318593978882,1.9946169478585944,4770,,
,,,3920000,,,0.7398354709148407,0.0003,-0.4739281092304736,-0.007459846506390022,0.12484608,0.2,0.3099853515625,0.484380304813385,2.30985171594657,4780,1956.4,202.8
15270,1505.17,479,3923968,256,138.32,,,,,,,,,,,,
15302,1497.94,480,3932160,256,142.59,0.6876344084739685,0.0003,-0.4862313124584034,-0.01528078193005058,0.12718669,0.2,0.31064453125,0.5818877816200256,2.3460688831284644,4790,,
15334,1529.22,481,3940352,256,152.92,0.7903455644845963,0.0003,-0.4607947123469785,-0.014520863377765637,0.124002084,0.2,0.29306640625,0.3931877613067627,1.8857962182140908,4800,,
15366,1558.43,482,3948544,256,166.59,0.7965050637722015,0.0003,-0.4547144342213869,-0.014914298788062297,0.119293615,0.2,0.2888427734375,0.6174836754798889,2.2422830917173995,4810,,
15398,1541.82,483,3956736,256,163.61,0.8403564989566803,0.0003,-0.4492438712157309,-0.014462377820018446,0.11872305,0.2,0.28726806640625,0.6306385397911072,1.648359152697958,4820,,
,,,3960000,,,0.7163664400577545,0.0003,-0.5039707890013233,-0.015633086283196464,0.13591349,0.2,0.312939453125,0.268663227558136,2.516258766502142,4830,1813.2,234.4
15434,1546.65,484,3964928,256,167.32,,,,,,,,,,,,
15466,1546.86,485,3973120,256,165.14,0.7642891556024551,0.0003,-0.4547688331687823,-0.01694212887014146,0.12553123,0.2,0.296826171875,1.2379237413406372,2.1657060983008707,4840,,
15497,1532.57,486,3981312,256,154.55,0.7226238548755646,0.0003,-0.46909939392935485,-0.013692504177743103,0.106084265,0.2,0.2925048828125,1.4206863641738892,2.075112868892029,4850,,
15529,1511.24,487,3989504,256,152.35,0.7527284324169159,0.0003,-0.5369657806586474,-0.016028048516454875,0.12003113,0.2,0.30867919921875,0.23740310966968536,2.347240693215281,4860,,
15560,1521.77,488,3997696,256,155.29,0.7596392929553986,0.0003,-0.46882657140959055,-0.011090320126822917,0.13434775,0.2,0.31368408203125,0.16811510920524597,1.645961206080392,4870,,
,,,4000000,,,0.8080318719148636,0.0003,-0.5082213812507689,-0.016480498479722883,0.09755039,0.2,0.280908203125,0.8307454586029053,2.099120372533798,4880,1483.4,145.6
15601,1481.11,489,4005888,256,150.41,,,,,,,,,,,,
